season,week,team,redzone_trips,redzone_tds,redzone_fgs,redzone_trips_allowed,redzone_tds_allowed,redzone_fgs_forced
2021,1,ARI,6.0,5.0,1.0,2.0,2.0,0.0
2021,1,ATL,2.0,0.0,2.0,5.0,4.0,0.0
2021,1,BAL,3.0,3.0,0.0,6.0,3.0,1.0
2021,1,BUF,4.0,1.0,3.0,3.0,1.0,2.0
2021,1,CAR,5.0,2.0,2.0,2.0,2.0,0.0
2021,1,CHI,3.0,2.0,0.0,6.0,4.0,1.0
2021,1,CIN,4.0,3.0,1.0,3.0,3.0,0.0
2021,1,CLE,4.0,4.0,0.0,6.0,4.0,2.0
2021,1,DAL,6.0,3.0,2.0,6.0,4.0,1.0
2021,1,DEN,6.0,3.0,2.0,4.0,2.0,0.0
2021,1,DET,3.0,3.0,0.0,5.0,5.0,0.0
2021,1,GB,2.0,0.0,0.0,5.0,5.0,0.0
2021,1,HOU,6.0,4.0,2.0,3.0,3.0,0.0
2021,1,IND,4.0,2.0,1.0,4.0,4.0,0.0
2021,1,JAX,3.0,3.0,0.0,6.0,4.0,2.0
2021,1,KC,6.0,4.0,2.0,4.0,4.0,0.0
2021,1,LA,6.0,4.0,1.0,3.0,2.0,0.0
2021,1,LAC,7.0,2.0,2.0,2.0,1.0,1.0
2021,1,LV,6.0,3.0,1.0,3.0,3.0,0.0
2021,1,MIA,2.0,2.0,0.0,4.0,1.0,2.0
2021,1,MIN,3.0,3.0,0.0,4.0,3.0,1.0
2021,1,NE,4.0,1.0,2.0,2.0,2.0,0.0
2021,1,NO,5.0,5.0,0.0,2.0,0.0,0.0
2021,1,NYG,4.0,2.0,0.0,6.0,3.0,2.0
2021,1,NYJ,2.0,2.0,0.0,5.0,2.0,2.0
2021,1,PHI,5.0,4.0,0.0,2.0,0.0,2.0
2021,1,PIT,3.0,1.0,2.0,4.0,1.0,3.0
2021,1,SEA,4.0,4.0,0.0,4.0,2.0,1.0
2021,1,SF,5.0,5.0,0.0,3.0,3.0,0.0
2021,1,TB,6.0,4.0,1.0,6.0,3.0,2.0
2021,1,TEN,2.0,2.0,0.0,6.0,5.0,1.0
2021,1,WAS,2.0,1.0,1.0,7.0,2.0,2.0
2021,2,ARI,5.0,4.0,1.0,4.0,3.0,0.0
2021,2,ATL,5.0,3.0,1.0,6.0,5.0,0.0
2021,2,BAL,5.0,5.0,0.0,4.0,4.0,0.0
2021,2,BUF,5.0,5.0,0.0,3.0,0.0,0.0
2021,2,CAR,4.0,3.0,1.0,1.0,1.0,0.0
2021,2,CHI,3.0,1.0,2.0,2.0,2.0,0.0
2021,2,CIN,2.0,2.0,0.0,3.0,1.0,2.0
2021,2,CLE,5.0,4.0,1.0,3.0,3.0,0.0
2021,2,DAL,3.0,2.0,1.0,4.0,1.0,2.0
2021,2,DEN,4.0,2.0,1.0,2.0,2.0,0.0
2021,2,DET,2.0,2.0,0.0,5.0,5.0,0.0
2021,2,GB,5.0,5.0,0.0,2.0,2.0,0.0
2021,2,HOU,3.0,3.0,0.0,5.0,4.0,1.0
2021,2,IND,4.0,1.0,1.0,5.0,3.0,2.0
2021,2,JAX,2.0,2.0,0.0,4.0,2.0,1.0
2021,2,KC,4.0,4.0,0.0,5.0,5.0,0.0
2021,2,LA,5.0,3.0,2.0,4.0,1.0,1.0
2021,2,LAC,4.0,1.0,2.0,3.0,2.0,1.0
2021,2,LV,4.0,2.0,2.0,2.0,2.0,0.0
2021,2,MIA,3.0,0.0,0.0,5.0,5.0,0.0
2021,2,MIN,4.0,3.0,0.0,5.0,4.0,1.0
2021,2,NE,4.0,2.0,2.0,2.0,0.0,2.0
2021,2,NO,1.0,1.0,0.0,4.0,3.0,1.0
2021,2,NYG,4.0,2.0,2.0,4.0,3.0,1.0
2021,2,NYJ,2.0,0.0,2.0,4.0,2.0,2.0
2021,2,PHI,2.0,1.0,0.0,2.0,2.0,0.0
2021,2,PIT,2.0,2.0,0.0,4.0,2.0,2.0
2021,2,SEA,5.0,4.0,1.0,7.0,3.0,4.0
2021,2,SF,2.0,2.0,0.0,2.0,1.0,0.0
2021,2,TB,6.0,5.0,0.0,5.0,3.0,1.0
2021,2,TEN,7.0,3.0,4.0,5.0,4.0,1.0
2021,2,WAS,4.0,3.0,1.0,4.0,2.0,2.0
2021,3,ARI,4.0,3.0,1.0,4.0,2.0,0.0
2021,3,ATL,2.0,2.0,0.0,3.0,1.0,2.0
2021,3,BAL,2.0,1.0,1.0,3.0,2.0,1.0
2021,3,BUF,8.0,6.0,2.0,2.0,2.0,0.0
2021,3,CAR,5.0,3.0,1.0,1.0,1.0,0.0
2021,3,CHI,1.0,0.0,1.0,6.0,2.0,2.0
2021,3,CIN,4.0,3.0,1.0,3.0,1.0,1.0
2021,3,CLE,6.0,2.0,2.0,1.0,0.0,1.0
2021,3,DAL,6.0,5.0,0.0,2.0,2.0,0.0
2021,3,DEN,5.0,2.0,2.0,1.0,0.0,0.0
2021,3,DET,3.0,2.0,1.0,2.0,1.0,1.0
2021,3,GB,6.0,3.0,2.0,4.0,4.0,0.0
2021,3,HOU,1.0,1.0,0.0,5.0,3.0,1.0
2021,3,IND,3.0,1.0,2.0,5.0,3.0,1.0
2021,3,JAX,4.0,2.0,0.0,4.0,3.0,1.0
2021,3,KC,4.0,3.0,1.0,5.0,4.0,1.0
2021,3,LA,5.0,4.0,1.0,4.0,3.0,1.0
2021,3,LAC,5.0,4.0,1.0,4.0,3.0,1.0
2021,3,LV,6.0,3.0,3.0,2.0,2.0,0.0
2021,3,MIA,2.0,2.0,0.0,6.0,3.0,3.0
2021,3,MIN,6.0,3.0,3.0,2.0,2.0,0.0
2021,3,NE,2.0,1.0,1.0,4.0,3.0,0.0
2021,3,NO,4.0,3.0,0.0,2.0,1.0,1.0
2021,3,NYG,3.0,1.0,2.0,2.0,2.0,0.0
2021,3,NYJ,1.0,0.0,0.0,5.0,2.0,2.0
2021,3,PHI,2.0,2.0,0.0,6.0,5.0,0.0
2021,3,PIT,3.0,1.0,1.0,4.0,3.0,1.0
2021,3,SEA,2.0,2.0,0.0,6.0,3.0,3.0
2021,3,SF,4.0,4.0,0.0,6.0,3.0,2.0
2021,3,TB,4.0,3.0,1.0,5.0,4.0,1.0
2021,3,TEN,5.0,3.0,1.0,3.0,1.0,2.0
2021,3,WAS,2.0,2.0,0.0,8.0,6.0,2.0
2021,4,ARI,6.0,4.0,2.0,4.0,2.0,1.0
2021,4,ATL,5.0,4.0,1.0,6.0,5.0,1.0
2021,4,BAL,4.0,2.0,2.0,2.0,1.0,0.0
2021,4,BUF,8.0,4.0,4.0,1.0,0.0,0.0
2021,4,CAR,4.0,4.0,0.0,6.0,5.0,1.0
2021,4,CHI,4.0,3.0,1.0,6.0,2.0,0.0
2021,4,CIN,4.0,3.0,1.0,4.0,3.0,0.0
2021,4,CLE,2.0,1.0,0.0,1.0,1.0,0.0
2021,4,DAL,6.0,5.0,1.0,4.0,4.0,0.0
2021,4,DEN,2.0,1.0,0.0,4.0,2.0,2.0
2021,4,DET,6.0,2.0,0.0,4.0,3.0,1.0
2021,4,GB,5.0,3.0,2.0,2.0,2.0,0.0
2021,4,HOU,1.0,0.0,0.0,8.0,4.0,4.0
2021,4,IND,5.0,3.0,1.0,3.0,2.0,1.0
2021,4,JAX,4.0,3.0,0.0,4.0,3.0,1.0
2021,4,KC,6.0,6.0,0.0,6.0,3.0,3.0
2021,4,LA,4.0,2.0,1.0,6.0,4.0,2.0
2021,4,LAC,5.0,4.0,0.0,2.0,2.0,0.0
2021,4,LV,2.0,2.0,0.0,5.0,4.0,0.0
2021,4,MIA,3.0,2.0,1.0,5.0,3.0,1.0
2021,4,MIN,1.0,1.0,0.0,2.0,1.0,0.0
2021,4,NE,3.0,2.0,1.0,4.0,1.0,2.0
2021,4,NO,3.0,3.0,0.0,5.0,3.0,1.0
2021,4,NYG,5.0,3.0,1.0,3.0,3.0,0.0
2021,4,NYJ,5.0,3.0,2.0,6.0,2.0,3.0
2021,4,PHI,6.0,3.0,3.0,6.0,6.0,0.0
2021,4,PIT,2.0,2.0,0.0,5.0,3.0,2.0
2021,4,SEA,4.0,4.0,0.0,3.0,3.0,0.0
2021,4,SF,3.0,3.0,0.0,4.0,4.0,0.0
2021,4,TB,4.0,1.0,2.0,3.0,2.0,1.0
2021,4,TEN,6.0,2.0,3.0,5.0,3.0,2.0
2021,4,WAS,6.0,5.0,1.0,5.0,4.0,1.0
2021,5,ARI,3.0,2.0,1.0,2.0,1.0,0.0
2021,5,ATL,4.0,3.0,1.0,4.0,2.0,2.0
2021,5,BAL,6.0,4.0,1.0,6.0,3.0,1.0
2021,5,BUF,5.0,4.0,1.0,5.0,2.0,1.0
2021,5,CAR,3.0,1.0,1.0,4.0,2.0,1.0
2021,5,CHI,2.0,2.0,0.0,2.0,1.0,1.0
2021,5,CIN,3.0,3.0,0.0,5.0,2.0,1.0
2021,5,CLE,8.0,5.0,2.0,7.0,7.0,0.0
2021,5,DAL,8.0,4.0,3.0,3.0,2.0,0.0
2021,5,DEN,4.0,2.0,1.0,3.0,3.0,0.0
2021,5,DET,1.0,1.0,0.0,3.0,1.0,2.0
2021,5,GB,5.0,2.0,1.0,3.0,3.0,0.0
2021,5,HOU,4.0,3.0,1.0,5.0,2.0,2.0
2021,5,IND,6.0,3.0,1.0,6.0,4.0,1.0
2021,5,JAX,5.0,3.0,0.0,5.0,4.0,1.0
2021,5,KC,5.0,2.0,1.0,5.0,4.0,1.0
2021,5,LA,5.0,3.0,1.0,4.0,2.0,1.0
2021,5,LAC,7.0,7.0,0.0,8.0,5.0,2.0
2021,5,LV,2.0,1.0,1.0,2.0,2.0,0.0
2021,5,MIA,3.0,2.0,1.0,8.0,6.0,1.0
2021,5,MIN,3.0,1.0,2.0,1.0,1.0,0.0
2021,5,NE,5.0,2.0,2.0,4.0,3.0,1.0
2021,5,NO,5.0,5.0,0.0,5.0,2.0,2.0
2021,5,NYG,3.0,2.0,0.0,8.0,4.0,3.0
2021,5,NYJ,4.0,2.0,2.0,4.0,3.0,1.0
2021,5,PHI,4.0,2.0,1.0,3.0,1.0,1.0
2021,5,PIT,3.0,3.0,0.0,4.0,2.0,1.0
2021,5,SEA,4.0,2.0,1.0,5.0,3.0,1.0
2021,5,SF,2.0,1.0,0.0,3.0,2.0,1.0
2021,5,TB,8.0,6.0,1.0,3.0,2.0,1.0
2021,5,TEN,5.0,4.0,1.0,5.0,3.0,0.0
2021,5,WAS,5.0,2.0,2.0,5.0,5.0,0.0
2021,6,ARI,8.0,4.0,3.0,4.0,2.0,0.0
2021,6,BAL,5.0,4.0,1.0,2.0,1.0,0.0
2021,6,BUF,6.0,3.0,2.0,5.0,4.0,1.0
2021,6,CAR,3.0,2.0,1.0,6.0,3.0,3.0
2021,6,CHI,2.0,2.0,0.0,4.0,3.0,1.0
2021,6,CIN,5.0,4.0,1.0,2.0,1.0,1.0
2021,6,CLE,4.0,2.0,0.0,8.0,4.0,3.0
2021,6,DAL,5.0,2.0,1.0,4.0,4.0,0.0
2021,6,DEN,4.0,3.0,1.0,5.0,4.0,1.0
2021,6,DET,2.0,1.0,1.0,5.0,4.0,1.0
2021,6,GB,4.0,3.0,1.0,2.0,2.0,0.0
2021,6,HOU,1.0,0.0,1.0,4.0,4.0,0.0
2021,6,IND,4.0,4.0,0.0,1.0,0.0,1.0
2021,6,JAX,3.0,2.0,0.0,4.0,2.0,2.0
2021,6,KC,7.0,4.0,0.0,2.0,1.0,0.0
2021,6,LA,6.0,5.0,1.0,2.0,1.0,1.0
2021,6,LAC,2.0,1.0,0.0,5.0,4.0,1.0
2021,6,LV,5.0,4.0,1.0,4.0,3.0,1.0
2021,6,MIA,4.0,2.0,2.0,3.0,2.0,0.0
2021,6,MIN,6.0,3.0,3.0,3.0,2.0,1.0
2021,6,NE,4.0,4.0,0.0,5.0,2.0,1.0
2021,6,NYG,2.0,1.0,1.0,6.0,5.0,1.0
2021,6,PHI,3.0,3.0,0.0,5.0,4.0,0.0
2021,6,PIT,4.0,2.0,2.0,3.0,2.0,1.0
2021,6,SEA,3.0,2.0,1.0,4.0,2.0,2.0
2021,6,TB,5.0,4.0,0.0,3.0,3.0,0.0
2021,6,TEN,5.0,4.0,1.0,6.0,3.0,2.0
2021,6,WAS,2.0,1.0,0.0,7.0,4.0,0.0
2021,7,ARI,5.0,4.0,1.0,1.0,0.0,1.0
2021,7,ATL,6.0,3.0,3.0,5.0,4.0,0.0
2021,7,BAL,2.0,2.0,0.0,7.0,5.0,1.0
2021,7,CAR,1.0,0.0,0.0,4.0,2.0,1.0
2021,7,CHI,2.0,0.0,1.0,7.0,5.0,1.0
2021,7,CIN,7.0,5.0,1.0,2.0,2.0,0.0
2021,7,CLE,4.0,2.0,0.0,2.0,2.0,0.0
2021,7,DEN,2.0,2.0,0.0,4.0,2.0,0.0
2021,7,DET,5.0,1.0,2.0,5.0,3.0,2.0
2021,7,GB,5.0,3.0,1.0,5.0,1.0,1.0
2021,7,HOU,1.0,0.0,1.0,5.0,4.0,1.0
2021,7,IND,6.0,4.0,1.0,3.0,2.0,1.0
2021,7,KC,3.0,0.0,1.0,5.0,3.0,1.0
2021,7,LA,5.0,3.0,2.0,5.0,1.0,2.0
2021,7,LV,6.0,4.0,1.0,4.0,3.0,0.0
2021,7,MIA,5.0,4.0,0.0,6.0,3.0,3.0
2021,7,NE,7.0,7.0,0.0,2.0,2.0,0.0
2021,7,NO,4.0,1.0,2.0,1.0,1.0,0.0
2021,7,NYG,4.0,2.0,1.0,1.0,0.0,0.0
2021,7,NYJ,2.0,2.0,0.0,7.0,7.0,0.0
2021,7,PHI,4.0,3.0,0.0,6.0,4.0,1.0
2021,7,SEA,1.0,1.0,0.0,4.0,1.0,2.0
2021,7,SF,3.0,2.0,1.0,6.0,4.0,1.0
2021,7,TB,7.0,5.0,1.0,2.0,0.0,1.0
2021,7,TEN,5.0,3.0,1.0,3.0,0.0,1.0
2021,7,WAS,5.0,1.0,1.0,5.0,3.0,1.0
2021,8,ARI,4.0,3.0,0.0,5.0,3.0,1.0
2021,8,ATL,1.0,1.0,0.0,3.0,1.0,2.0
2021,8,BUF,4.0,3.0,1.0,3.0,1.0,0.0
2021,8,CAR,3.0,1.0,2.0,1.0,1.0,0.0
2021,8,CHI,4.0,2.0,2.0,5.0,3.0,2.0
2021,8,CIN,6.0,4.0,1.0,6.0,4.0,2.0
2021,8,CLE,2.0,1.0,1.0,5.0,2.0,1.0
2021,8,DAL,4.0,2.0,1.0,2.0,1.0,1.0
2021,8,DEN,2.0,2.0,0.0,4.0,1.0,0.0
2021,8,DET,1.0,1.0,0.0,5.0,4.0,1.0
2021,8,GB,5.0,3.0,1.0,4.0,3.0,0.0
2021,8,HOU,2.0,2.0,0.0,8.0,6.0,1.0
2021,8,IND,5.0,4.0,1.0,3.0,3.0,0.0
2021,8,JAX,2.0,1.0,0.0,4.0,3.0,1.0
2021,8,KC,6.0,2.0,2.0,3.0,2.0,1.0
2021,8,LA,8.0,6.0,1.0,2.0,2.0,0.0
2021,8,LAC,3.0,3.0,0.0,4.0,1.0,2.0
2021,8,MIA,3.0,1.0,0.0,4.0,3.0,1.0
2021,8,MIN,2.0,1.0,1.0,4.0,2.0,1.0
2021,8,NE,4.0,1.0,2.0,3.0,3.0,0.0
2021,8,NO,7.0,3.0,3.0,4.0,4.0,0.0
2021,8,NYG,3.0,2.0,1.0,6.0,2.0,2.0
2021,8,NYJ,6.0,4.0,2.0,6.0,4.0,1.0
2021,8,PHI,5.0,4.0,1.0,1.0,1.0,0.0
2021,8,PIT,5.0,2.0,1.0,2.0,1.0,1.0
2021,8,SEA,4.0,3.0,1.0,2.0,1.0,0.0
2021,8,SF,5.0,3.0,2.0,4.0,2.0,2.0
2021,8,TB,4.0,4.0,0.0,7.0,3.0,3.0
2021,8,TEN,3.0,3.0,0.0,5.0,4.0,1.0
2021,8,WAS,4.0,1.0,0.0,2.0,2.0,0.0
2021,9,ARI,5.0,4.0,1.0,3.0,2.0,1.0
2021,9,ATL,5.0,3.0,2.0,4.0,3.0,1.0
2021,9,BAL,6.0,4.0,2.0,5.0,4.0,1.0
2021,9,BUF,1.0,0.0,1.0,3.0,0.0,2.0
2021,9,CAR,3.0,1.0,1.0,3.0,2.0,1.0
2021,9,CHI,4.0,2.0,2.0,3.0,3.0,0.0
2021,9,CIN,4.0,3.0,1.0,6.0,4.0,2.0
2021,9,CLE,6.0,4.0,2.0,4.0,3.0,1.0
2021,9,DAL,3.0,2.0,0.0,4.0,3.0,1.0
2021,9,DEN,4.0,3.0,1.0,3.0,2.0,0.0
2021,9,GB,2.0,1.0,0.0,2.0,1.0,1.0
2021,9,HOU,4.0,0.0,3.0,2.0,2.0,0.0
2021,9,IND,7.0,6.0,0.0,6.0,4.0,1.0
2021,9,JAX,3.0,0.0,2.0,1.0,0.0,1.0
2021,9,KC,2.0,1.0,1.0,2.0,1.0,0.0
2021,9,LA,3.0,1.0,2.0,3.0,3.0,0.0
2021,9,LAC,6.0,3.0,2.0,4.0,3.0,1.0
2021,9,LV,6.0,1.0,3.0,4.0,1.0,3.0
2021,9,MIA,2.0,2.0,0.0,4.0,0.0,3.0
2021,9,MIN,5.0,4.0,1.0,6.0,4.0,2.0
2021,9,NE,3.0,2.0,1.0,3.0,1.0,1.0
2021,9,NO,4.0,3.0,1.0,5.0,3.0,2.0
2021,9,NYG,4.0,1.0,3.0,6.0,1.0,3.0
2021,9,NYJ,6.0,4.0,1.0,7.0,6.0,0.0
2021,9,PHI,4.0,3.0,1.0,6.0,3.0,2.0
2021,9,PIT,3.0,3.0,0.0,4.0,2.0,2.0
2021,9,SF,3.0,2.0,1.0,5.0,4.0,1.0
2021,9,TEN,3.0,3.0,0.0,3.0,1.0,2.0
2021,10,ARI,2.0,1.0,0.0,4.0,3.0,1.0
2021,10,ATL,1.0,0.0,1.0,5.0,5.0,0.0
2021,10,BAL,2.0,1.0,0.0,4.0,1.0,3.0
2021,10,BUF,7.0,6.0,1.0,2.0,2.0,0.0
2021,10,CAR,4.0,3.0,1.0,2.0,1.0,0.0
2021,10,CLE,2.0,1.0,0.0,7.0,6.0,1.0
2021,10,DAL,5.0,5.0,0.0,1.0,0.0,1.0
2021,10,DEN,5.0,1.0,2.0,4.0,2.0,2.0
2021,10,DET,3.0,2.0,1.0,3.0,1.0,2.0
2021,10,GB,5.0,2.0,1.0,1.0,0.0,0.0
2021,10,IND,4.0,1.0,3.0,2.0,2.0,0.0
2021,10,JAX,2.0,2.0,0.0,4.0,1.0,3.0
2021,10,KC,6.0,5.0,1.0,3.0,2.0,0.0
2021,10,LA,4.0,1.0,1.0,3.0,3.0,0.0
2021,10,LAC,3.0,2.0,1.0,4.0,3.0,1.0
2021,10,LV,3.0,2.0,0.0,6.0,5.0,1.0
2021,10,MIA,4.0,1.0,3.0,2.0,1.0,0.0
2021,10,MIN,4.0,3.0,1.0,3.0,2.0,1.0
2021,10,NE,7.0,6.0,1.0,2.0,1.0,0.0
2021,10,NO,4.0,3.0,1.0,5.0,2.0,3.0
2021,10,NYJ,2.0,2.0,0.0,7.0,6.0,1.0
2021,10,PHI,4.0,2.0,2.0,5.0,1.0,2.0
2021,10,PIT,3.0,1.0,2.0,3.0,2.0,1.0
2021,10,SEA,1.0,0.0,0.0,5.0,2.0,1.0
2021,10,SF,3.0,3.0,0.0,4.0,1.0,1.0
2021,10,TB,4.0,2.0,2.0,5.0,3.0,2.0
2021,10,TEN,5.0,2.0,3.0,4.0,3.0,1.0
2021,10,WAS,5.0,3.0,2.0,4.0,2.0,2.0
2021,11,ARI,4.0,3.0,0.0,3.0,1.0,2.0
2021,11,ATL,2.0,0.0,0.0,3.0,1.0,2.0
2021,11,BAL,3.0,1.0,2.0,3.0,2.0,0.0
2021,11,BUF,2.0,2.0,0.0,7.0,5.0,2.0
2021,11,CAR,3.0,3.0,0.0,6.0,3.0,2.0
2021,11,CHI,3.0,2.0,0.0,3.0,1.0,2.0
2021,11,CIN,3.0,3.0,0.0,3.0,1.0,1.0
2021,11,CLE,2.0,2.0,0.0,2.0,1.0,0.0
2021,11,DAL,3.0,0.0,2.0,3.0,2.0,1.0
2021,11,DET,2.0,1.0,0.0,2.0,2.0,0.0
2021,11,GB,5.0,4.0,0.0,5.0,4.0,1.0
2021,11,HOU,4.0,2.0,2.0,3.0,2.0,0.0
2021,11,IND,7.0,5.0,2.0,2.0,2.0,0.0
2021,11,JAX,2.0,1.0,1.0,4.0,3.0,1.0
2021,11,KC,3.0,2.0,1.0,3.0,0.0,2.0
2021,11,LAC,8.0,5.0,2.0,7.0,4.0,2.0
2021,11,LV,3.0,1.0,1.0,3.0,3.0,0.0
2021,11,MIA,5.0,3.0,1.0,5.0,2.0,1.0
2021,11,MIN,5.0,4.0,1.0,5.0,4.0,0.0
2021,11,NE,3.0,1.0,2.0,2.0,0.0,0.0
2021,11,NO,5.0,4.0,1.0,5.0,3.0,2.0
2021,11,NYG,2.0,1.0,1.0,5.0,3.0,2.0
2021,11,NYJ,5.0,2.0,1.0,5.0,3.0,1.0
2021,11,PHI,5.0,3.0,2.0,5.0,4.0,1.0
2021,11,PIT,7.0,4.0,2.0,8.0,5.0,2.0
2021,11,SEA,3.0,1.0,2.0,4.0,3.0,0.0
2021,11,SF,4.0,3.0,1.0,2.0,1.0,1.0
2021,11,TB,5.0,3.0,2.0,2.0,1.0,1.0
2021,11,TEN,3.0,2.0,0.0,4.0,2.0,2.0
2021,11,WAS,6.0,3.0,2.0,3.0,3.0,0.0
2021,12,ATL,3.0,3.0,0.0,3.0,1.0,2.0
2021,12,BAL,2.0,1.0,1.0,1.0,1.0,0.0
2021,12,BUF,6.0,4.0,1.0,1.0,1.0,0.0
2021,12,CAR,2.0,1.0,0.0,4.0,3.0,1.0
2021,12,CHI,3.0,1.0,2.0,2.0,2.0,0.0
2021,12,CIN,5.0,4.0,1.0,1.0,1.0,0.0
2021,12,CLE,1.0,1.0,0.0,2.0,1.0,1.0
2021,12,DAL,5.0,4.0,1.0,6.0,3.0,3.0
2021,12,DEN,3.0,3.0,0.0,3.0,2.0,0.0
2021,12,DET,2.0,2.0,0.0,3.0,1.0,2.0
2021,12,GB,5.0,3.0,2.0,4.0,3.0,1.0
2021,12,HOU,3.0,2.0,0.0,4.0,2.0,2.0
2021,12,IND,5.0,4.0,0.0,6.0,5.0,1.0
2021,12,JAX,3.0,1.0,2.0,3.0,3.0,0.0
2021,12,LA,4.0,3.0,1.0,5.0,3.0,2.0
2021,12,LAC,3.0,2.0,0.0,3.0,3.0,0.0
2021,12,LV,6.0,3.0,3.0,5.0,4.0,1.0
2021,12,MIA,4.0,3.0,1.0,2.0,1.0,0.0
2021,12,MIN,5.0,4.0,0.0,5.0,4.0,1.0
2021,12,NE,6.0,3.0,3.0,3.0,2.0,0.0
2021,12,NO,1.0,1.0,0.0,6.0,4.0,1.0
2021,12,NYG,3.0,1.0,2.0,3.0,1.0,0.0
2021,12,NYJ,4.0,2.0,2.0,3.0,2.0,0.0
2021,12,PHI,3.0,1.0,0.0,3.0,1.0,2.0
2021,12,PIT,1.0,1.0,0.0,5.0,4.0,1.0
2021,12,SEA,2.0,2.0,0.0,4.0,2.0,1.0
2021,12,SF,5.0,4.0,1.0,5.0,4.0,0.0
2021,12,TB,6.0,5.0,1.0,5.0,4.0,0.0
2021,12,TEN,3.0,2.0,0.0,6.0,3.0,3.0
2021,12,WAS,4.0,2.0,1.0,2.0,2.0,0.0
2021,13,ARI,6.0,4.0,2.0,4.0,3.0,0.0
2021,13,ATL,3.0,1.0,1.0,5.0,4.0,1.0
2021,13,BAL,5.0,2.0,2.0,2.0,2.0,0.0
2021,13,BUF,4.0,1.0,1.0,2.0,1.0,1.0
2021,13,CHI,4.0,3.0,0.0,6.0,4.0,2.0
2021,13,CIN,4.0,3.0,0.0,4.0,4.0,0.0
2021,13,DAL,3.0,2.0,1.0,2.0,2.0,0.0
2021,13,DEN,3.0,1.0,1.0,2.0,1.0,1.0
2021,13,DET,5.0,3.0,2.0,6.0,3.0,3.0
2021,13,HOU,0.0,0.0,0.0,6.0,4.0,1.0
2021,13,IND,6.0,4.0,1.0,0.0,0.0,0.0
2021,13,JAX,1.0,1.0,0.0,5.0,4.0,1.0
2021,13,KC,2.0,1.0,1.0,3.0,1.0,1.0
2021,13,LA,5.0,4.0,1.0,1.0,1.0,0.0
2021,13,LAC,4.0,4.0,0.0,4.0,3.0,0.0
2021,13,LV,3.0,1.0,2.0,2.0,2.0,0.0
2021,13,MIA,2.0,2.0,0.0,1.0,0.0,1.0
2021,13,MIN,6.0,3.0,3.0,5.0,3.0,2.0
2021,13,NE,2.0,1.0,1.0,4.0,1.0,1.0
2021,13,NO,2.0,2.0,0.0,3.0,2.0,1.0
2021,13,NYG,1.0,0.0,1.0,2.0,2.0,0.0
2021,13,NYJ,3.0,3.0,0.0,5.0,3.0,2.0
2021,13,PHI,5.0,3.0,2.0,3.0,3.0,0.0
2021,13,PIT,2.0,2.0,0.0,5.0,2.0,2.0
2021,13,SEA,7.0,4.0,0.0,4.0,3.0,0.0
2021,13,SF,4.0,3.0,0.0,7.0,4.0,0.0
2021,13,TB,5.0,4.0,1.0,3.0,1.0,1.0
2021,13,WAS,2.0,2.0,0.0,3.0,1.0,2.0
2021,14,ARI,4.0,2.0,0.0,5.0,3.0,2.0
2021,14,ATL,4.0,2.0,2.0,3.0,3.0,0.0
2021,14,BAL,3.0,2.0,0.0,2.0,2.0,0.0
2021,14,BUF,5.0,3.0,2.0,5.0,3.0,2.0
2021,14,CAR,3.0,3.0,0.0,4.0,2.0,2.0
2021,14,CHI,3.0,2.0,1.0,6.0,5.0,1.0
2021,14,CIN,6.0,2.0,3.0,5.0,3.0,2.0
2021,14,CLE,2.0,2.0,0.0,3.0,2.0,0.0
2021,14,DAL,6.0,1.0,4.0,2.0,2.0,0.0
2021,14,DEN,5.0,5.0,0.0,4.0,1.0,1.0
2021,14,DET,4.0,1.0,1.0,5.0,5.0,0.0
2021,14,GB,6.0,5.0,1.0,3.0,2.0,1.0
2021,14,HOU,3.0,1.0,1.0,6.0,4.0,2.0
2021,14,JAX,0.0,0.0,0.0,3.0,2.0,1.0
2021,14,KC,6.0,5.0,1.0,2.0,1.0,1.0
2021,14,LA,5.0,3.0,2.0,4.0,2.0,0.0
2021,14,LAC,7.0,4.0,3.0,3.0,3.0,0.0
2021,14,LV,2.0,1.0,1.0,6.0,5.0,1.0
2021,14,MIN,7.0,4.0,3.0,6.0,4.0,0.0
2021,14,NO,6.0,3.0,3.0,3.0,0.0,2.0
2021,14,NYG,3.0,3.0,0.0,7.0,4.0,3.0
2021,14,NYJ,3.0,0.0,2.0,6.0,3.0,3.0
2021,14,PIT,6.0,4.0,0.0,7.0,4.0,3.0
2021,14,SEA,6.0,4.0,2.0,3.0,1.0,1.0
2021,14,SF,5.0,3.0,2.0,6.0,2.0,3.0
2021,14,TB,5.0,3.0,2.0,5.0,3.0,2.0
2021,14,TEN,3.0,2.0,1.0,0.0,0.0,0.0
2021,14,WAS,2.0,2.0,0.0,6.0,1.0,4.0
2021,15,ARI,5.0,1.0,2.0,4.0,3.0,1.0
2021,15,ATL,5.0,1.0,1.0,5.0,4.0,1.0
2021,15,BAL,6.0,4.0,1.0,5.0,4.0,1.0
2021,15,BUF,5.0,4.0,1.0,3.0,2.0,0.0
2021,15,CAR,3.0,2.0,0.0,5.0,4.0,1.0
2021,15,CHI,5.0,1.0,1.0,3.0,2.0,1.0
2021,15,CIN,3.0,1.0,1.0,2.0,1.0,0.0
2021,15,CLE,2.0,2.0,0.0,2.0,1.0,1.0
2021,15,DAL,5.0,2.0,3.0,3.0,0.0,2.0
2021,15,DEN,2.0,1.0,0.0,3.0,1.0,1.0
2021,15,DET,4.0,3.0,1.0,5.0,1.0,2.0
2021,15,GB,5.0,4.0,1.0,6.0,4.0,1.0
2021,15,HOU,4.0,3.0,1.0,4.0,1.0,3.0
2021,15,IND,4.0,2.0,2.0,4.0,2.0,1.0
2021,15,JAX,4.0,1.0,3.0,4.0,3.0,1.0
2021,15,KC,6.0,3.0,2.0,7.0,4.0,0.0
2021,15,LA,3.0,2.0,1.0,2.0,1.0,1.0
2021,15,LAC,7.0,4.0,0.0,6.0,3.0,2.0
2021,15,LV,2.0,1.0,1.0,2.0,2.0,0.0
2021,15,MIA,5.0,4.0,1.0,3.0,2.0,1.0
2021,15,MIN,3.0,2.0,1.0,5.0,1.0,1.0
2021,15,NE,4.0,2.0,1.0,4.0,2.0,2.0
2021,15,NO,2.0,0.0,2.0,0.0,0.0,0.0
2021,15,NYG,3.0,0.0,2.0,5.0,2.0,3.0
2021,15,NYJ,3.0,2.0,1.0,5.0,4.0,1.0
2021,15,PHI,6.0,3.0,2.0,3.0,2.0,1.0
2021,15,PIT,3.0,1.0,2.0,4.0,1.0,2.0
2021,15,SEA,2.0,1.0,1.0,3.0,2.0,1.0
2021,15,SF,5.0,4.0,1.0,5.0,1.0,1.0
2021,15,TB,0.0,0.0,0.0,2.0,0.0,2.0
2021,15,TEN,4.0,1.0,2.0,3.0,1.0,2.0
2021,15,WAS,3.0,2.0,1.0,6.0,3.0,2.0
2021,16,ARI,3.0,2.0,1.0,4.0,2.0,2.0
2021,16,ATL,2.0,2.0,0.0,5.0,1.0,3.0
2021,16,BAL,3.0,3.0,0.0,8.0,5.0,2.0
2021,16,BUF,7.0,4.0,2.0,3.0,3.0,0.0
2021,16,CAR,3.0,0.0,2.0,5.0,3.0,2.0
2021,16,CHI,5.0,3.0,1.0,5.0,3.0,1.0
2021,16,CIN,8.0,5.0,2.0,3.0,3.0,0.0
2021,16,CLE,5.0,3.0,1.0,4.0,3.0,1.0
2021,16,DAL,6.0,6.0,0.0,2.0,2.0,0.0
2021,16,DEN,1.0,1.0,0.0,3.0,2.0,1.0
2021,16,DET,5.0,1.0,3.0,2.0,2.0,0.0
2021,16,GB,4.0,3.0,1.0,5.0,3.0,1.0
2021,16,HOU,5.0,4.0,1.0,4.0,3.0,1.0
2021,16,IND,4.0,2.0,2.0,3.0,2.0,1.0
2021,16,JAX,4.0,2.0,1.0,6.0,3.0,1.0
2021,16,KC,7.0,4.0,2.0,4.0,1.0,1.0
2021,16,LA,5.0,2.0,3.0,5.0,2.0,2.0
2021,16,LAC,4.0,3.0,1.0,5.0,4.0,1.0
2021,16,LV,3.0,2.0,1.0,1.0,1.0,0.0
2021,16,MIA,3.0,1.0,2.0,1.0,0.0,1.0
2021,16,MIN,5.0,2.0,2.0,5.0,2.0,3.0
2021,16,NE,3.0,3.0,0.0,7.0,4.0,2.0
2021,16,NO,1.0,0.0,1.0,3.0,1.0,2.0
2021,16,NYG,1.0,1.0,0.0,6.0,3.0,2.0
2021,16,NYJ,6.0,3.0,1.0,4.0,2.0,1.0
2021,16,PHI,6.0,3.0,2.0,1.0,1.0,0.0
2021,16,PIT,4.0,1.0,1.0,7.0,4.0,2.0
2021,16,SEA,5.0,3.0,1.0,5.0,3.0,1.0
2021,16,SF,4.0,2.0,1.0,3.0,2.0,1.0
2021,16,TB,5.0,3.0,2.0,3.0,0.0,2.0
2021,16,TEN,3.0,2.0,1.0,4.0,2.0,1.0
2021,16,WAS,2.0,2.0,0.0,6.0,6.0,0.0
2021,17,ARI,6.0,2.0,3.0,4.0,3.0,0.0
2021,17,ATL,5.0,1.0,2.0,5.0,4.0,0.0
2021,17,BAL,2.0,0.0,2.0,4.0,3.0,0.0
2021,17,BUF,5.0,4.0,0.0,5.0,1.0,2.0
2021,17,CAR,2.0,1.0,1.0,3.0,1.0,2.0
2021,17,CHI,6.0,3.0,2.0,1.0,0.0,1.0
2021,17,CIN,5.0,4.0,1.0,5.0,4.0,1.0
2021,17,CLE,2.0,2.0,0.0,4.0,2.0,2.0
2021,17,DAL,4.0,3.0,0.0,6.0,2.0,3.0
2021,17,DEN,3.0,1.0,1.0,6.0,4.0,2.0
2021,17,DET,3.0,3.0,0.0,9.0,7.0,1.0
2021,17,GB,8.0,4.0,3.0,1.0,1.0,0.0
2021,17,HOU,2.0,1.0,0.0,5.0,2.0,3.0
2021,17,IND,2.0,2.0,0.0,4.0,2.0,2.0
2021,17,JAX,2.0,1.0,1.0,7.0,7.0,0.0
2021,17,KC,5.0,4.0,1.0,5.0,4.0,1.0
2021,17,LA,4.0,3.0,0.0,2.0,0.0,2.0
2021,17,LAC,6.0,4.0,2.0,3.0,1.0,1.0
2021,17,LV,4.0,2.0,2.0,2.0,2.0,0.0
2021,17,MIA,0.0,0.0,0.0,5.0,4.0,1.0
2021,17,MIN,1.0,1.0,0.0,8.0,4.0,3.0
2021,17,NE,7.0,7.0,0.0,2.0,1.0,1.0
2021,17,NO,3.0,1.0,2.0,2.0,1.0,1.0
2021,17,NYG,1.0,0.0,1.0,6.0,3.0,2.0
2021,17,NYJ,4.0,3.0,0.0,5.0,3.0,2.0
2021,17,PHI,2.0,2.0,0.0,4.0,1.0,2.0
2021,17,PIT,4.0,2.0,2.0,2.0,2.0,0.0
2021,17,SEA,9.0,7.0,1.0,3.0,3.0,0.0
2021,17,SF,5.0,2.0,3.0,2.0,1.0,0.0
2021,17,TB,5.0,3.0,2.0,4.0,3.0,0.0
2021,17,TEN,5.0,4.0,1.0,0.0,0.0,0.0
2021,17,WAS,4.0,1.0,2.0,2.0,2.0,0.0
2021,18,ARI,4.0,2.0,2.0,6.0,5.0,1.0
2021,18,ATL,4.0,2.0,0.0,7.0,3.0,3.0
2021,18,BAL,3.0,1.0,1.0,3.0,1.0,2.0
2021,18,BUF,4.0,3.0,1.0,1.0,1.0,0.0
2021,18,CAR,4.0,2.0,1.0,6.0,5.0,1.0
2021,18,CHI,3.0,1.0,0.0,4.0,3.0,1.0
2021,18,CIN,2.0,1.0,1.0,5.0,3.0,0.0
2021,18,CLE,5.0,3.0,0.0,2.0,1.0,1.0
2021,18,DAL,7.0,7.0,0.0,4.0,3.0,1.0
2021,18,DEN,5.0,4.0,1.0,4.0,2.0,1.0
2021,18,DET,7.0,4.0,3.0,5.0,4.0,1.0
2021,18,GB,5.0,4.0,1.0,7.0,4.0,3.0
2021,18,HOU,4.0,3.0,1.0,4.0,4.0,0.0
2021,18,IND,3.0,1.0,1.0,5.0,2.0,3.0
2021,18,JAX,5.0,2.0,3.0,3.0,1.0,1.0
2021,18,KC,4.0,2.0,1.0,5.0,4.0,1.0
2021,18,LA,4.0,3.0,1.0,5.0,3.0,1.0
2021,18,LAC,4.0,4.0,0.0,5.0,3.0,2.0
2021,18,LV,5.0,3.0,2.0,4.0,4.0,0.0
2021,18,MIA,4.0,3.0,1.0,3.0,2.0,1.0
2021,18,MIN,4.0,3.0,1.0,3.0,1.0,0.0
2021,18,NE,3.0,2.0,1.0,4.0,3.0,1.0
2021,18,NO,7.0,3.0,3.0,4.0,2.0,0.0
2021,18,NYG,2.0,1.0,0.0,3.0,1.0,2.0
2021,18,NYJ,1.0,1.0,0.0,4.0,3.0,1.0
2021,18,PHI,4.0,3.0,1.0,7.0,7.0,0.0
2021,18,PIT,3.0,1.0,2.0,3.0,1.0,1.0
2021,18,SEA,6.0,5.0,1.0,4.0,2.0,2.0
2021,18,SF,5.0,3.0,1.0,4.0,3.0,1.0
2021,18,TB,6.0,5.0,1.0,4.0,2.0,1.0
2021,18,TEN,4.0,4.0,0.0,4.0,3.0,1.0
2021,18,WAS,3.0,1.0,2.0,2.0,1.0,0.0
2021,19,ARI,1.0,1.0,0.0,4.0,3.0,1.0
2021,19,BUF,7.0,7.0,0.0,2.0,2.0,0.0
2021,19,CIN,5.0,2.0,3.0,5.0,1.0,3.0
2021,19,DAL,2.0,2.0,0.0,2.0,2.0,0.0
2021,19,KC,6.0,6.0,0.0,3.0,2.0,0.0
2021,19,LA,4.0,3.0,1.0,1.0,1.0,0.0
2021,19,LV,5.0,1.0,3.0,5.0,2.0,3.0
2021,19,NE,2.0,2.0,0.0,7.0,7.0,0.0
2021,19,PHI,2.0,2.0,0.0,6.0,4.0,1.0
2021,19,PIT,3.0,2.0,0.0,6.0,6.0,0.0
2021,19,SF,2.0,2.0,0.0,2.0,2.0,0.0
2021,19,TB,6.0,4.0,1.0,2.0,2.0,0.0
2021,20,BUF,5.0,5.0,0.0,7.0,5.0,2.0
2021,20,CIN,3.0,1.0,2.0,4.0,2.0,1.0
2021,20,GB,3.0,1.0,1.0,3.0,0.0,1.0
2021,20,KC,7.0,5.0,2.0,5.0,5.0,0.0
2021,20,LA,6.0,3.0,2.0,4.0,3.0,1.0
2021,20,SF,3.0,0.0,1.0,3.0,1.0,1.0
2021,20,TB,4.0,3.0,1.0,6.0,3.0,2.0
2021,20,TEN,4.0,2.0,1.0,3.0,1.0,2.0
2021,21,CIN,5.0,2.0,3.0,5.0,3.0,1.0
2021,21,KC,5.0,3.0,1.0,5.0,2.0,3.0
2021,21,LA,6.0,2.0,2.0,3.0,2.0,1.0
2021,21,SF,3.0,2.0,1.0,6.0,2.0,2.0
2021,22,CIN,4.0,2.0,2.0,3.0,3.0,0.0
2021,22,LA,3.0,3.0,0.0,4.0,2.0,2.0
2022,1,ARI,3.0,3.0,0.0,6.0,6.0,0.0
2022,1,ATL,4.0,2.0,1.0,3.0,3.0,0.0
2022,1,BAL,4.0,3.0,1.0,2.0,1.0,0.0
2022,1,BUF,5.0,4.0,0.0,2.0,1.0,0.0
2022,1,CAR,4.0,3.0,1.0,5.0,2.0,3.0
2022,1,CHI,4.0,3.0,0.0,3.0,1.0,1.0
2022,1,CIN,5.0,2.0,1.0,2.0,1.0,1.0
2022,1,CLE,5.0,2.0,3.0,4.0,3.0,1.0
2022,1,DAL,0.0,0.0,0.0,4.0,1.0,2.0
2022,1,DEN,5.0,1.0,2.0,4.0,2.0,1.0
2022,1,DET,5.0,5.0,0.0,5.0,4.0,1.0
2022,1,GB,3.0,1.0,0.0,4.0,2.0,2.0
2022,1,HOU,2.0,2.0,0.0,5.0,2.0,1.0
2022,1,IND,5.0,2.0,1.0,2.0,2.0,0.0
2022,1,JAX,5.0,2.0,1.0,4.0,4.0,0.0
2022,1,KC,6.0,6.0,0.0,3.0,3.0,0.0
2022,1,LA,2.0,1.0,0.0,5.0,4.0,0.0
2022,1,LAC,4.0,3.0,0.0,3.0,2.0,1.0
2022,1,LV,3.0,2.0,1.0,4.0,3.0,0.0
2022,1,MIA,3.0,1.0,1.0,1.0,1.0,0.0
2022,1,MIN,4.0,2.0,2.0,3.0,1.0,0.0
2022,1,NE,1.0,1.0,0.0,3.0,1.0,1.0
2022,1,NO,3.0,3.0,0.0,4.0,2.0,1.0
2022,1,NYG,4.0,3.0,0.0,3.0,2.0,1.0
2022,1,NYJ,2.0,1.0,0.0,4.0,3.0,1.0
2022,1,PHI,5.0,4.0,1.0,5.0,5.0,0.0
2022,1,PIT,2.0,1.0,1.0,5.0,2.0,1.0
2022,1,SEA,4.0,2.0,1.0,5.0,1.0,2.0
2022,1,SF,3.0,1.0,1.0,4.0,3.0,0.0
2022,1,TB,4.0,1.0,2.0,0.0,0.0,0.0
2022,1,TEN,3.0,2.0,1.0,4.0,3.0,0.0
2022,1,WAS,4.0,4.0,0.0,5.0,2.0,1.0
2022,2,ARI,4.0,3.0,0.0,4.0,2.0,2.0
2022,2,ATL,6.0,2.0,1.0,5.0,4.0,1.0
2022,2,BAL,6.0,5.0,0.0,6.0,6.0,0.0
2022,2,BUF,6.0,4.0,1.0,1.0,1.0,0.0
2022,2,CAR,4.0,1.0,3.0,3.0,1.0,2.0
2022,2,CHI,2.0,1.0,0.0,5.0,3.0,2.0
2022,2,CIN,1.0,1.0,0.0,2.0,2.0,0.0
2022,2,CLE,6.0,5.0,1.0,4.0,3.0,0.0
2022,2,DAL,2.0,2.0,0.0,1.0,1.0,0.0
2022,2,DEN,3.0,1.0,2.0,1.0,0.0,1.0
2022,2,DET,6.0,4.0,1.0,4.0,4.0,0.0
2022,2,GB,5.0,3.0,2.0,2.0,1.0,0.0
2022,2,HOU,1.0,0.0,1.0,3.0,1.0,2.0
2022,2,IND,2.0,0.0,0.0,3.0,3.0,0.0
2022,2,JAX,3.0,3.0,0.0,2.0,0.0,0.0
2022,2,KC,4.0,2.0,2.0,5.0,4.0,1.0
2022,2,LA,5.0,4.0,1.0,6.0,2.0,1.0
2022,2,LAC,5.0,4.0,1.0,4.0,2.0,2.0
2022,2,LV,4.0,2.0,2.0,4.0,3.0,0.0
2022,2,MIA,6.0,6.0,0.0,6.0,5.0,0.0
2022,2,MIN,4.0,1.0,0.0,5.0,3.0,1.0
2022,2,NE,4.0,2.0,1.0,2.0,1.0,1.0
2022,2,NO,3.0,1.0,1.0,2.0,1.0,0.0
2022,2,NYG,3.0,1.0,2.0,4.0,1.0,3.0
2022,2,NYJ,4.0,3.0,0.0,6.0,5.0,1.0
2022,2,PHI,5.0,3.0,1.0,4.0,1.0,0.0
2022,2,PIT,2.0,1.0,1.0,4.0,2.0,1.0
2022,2,SEA,1.0,0.0,0.0,6.0,4.0,2.0
2022,2,SF,6.0,4.0,2.0,1.0,0.0,0.0
2022,2,TB,2.0,1.0,0.0,3.0,1.0,1.0
2022,2,TEN,1.0,1.0,0.0,6.0,4.0,1.0
2022,2,WAS,4.0,4.0,0.0,6.0,4.0,1.0
2022,3,ARI,2.0,0.0,2.0,4.0,2.0,1.0
2022,3,ATL,4.0,3.0,1.0,5.0,2.0,3.0
2022,3,BAL,5.0,5.0,0.0,5.0,3.0,1.0
2022,3,BUF,6.0,2.0,1.0,3.0,3.0,0.0
2022,3,CAR,2.0,1.0,1.0,4.0,2.0,0.0
2022,3,CHI,3.0,2.0,1.0,4.0,2.0,1.0
2022,3,CIN,5.0,3.0,1.0,2.0,0.0,0.0
2022,3,CLE,4.0,3.0,1.0,3.0,2.0,1.0
2022,3,DAL,4.0,2.0,2.0,1.0,1.0,0.0
2022,3,DEN,2.0,1.0,0.0,1.0,1.0,0.0
2022,3,DET,3.0,3.0,0.0,5.0,4.0,0.0
2022,3,GB,3.0,2.0,0.0,2.0,1.0,1.0
2022,3,HOU,4.0,2.0,1.0,3.0,2.0,1.0
2022,3,IND,3.0,2.0,1.0,4.0,2.0,1.0
2022,3,JAX,7.0,4.0,3.0,3.0,1.0,1.0
2022,3,KC,4.0,2.0,1.0,3.0,2.0,1.0
2022,3,LA,4.0,2.0,1.0,2.0,0.0,2.0
2022,3,LAC,3.0,1.0,1.0,7.0,4.0,3.0
2022,3,LV,6.0,2.0,3.0,3.0,3.0,0.0
2022,3,MIA,3.0,3.0,0.0,6.0,2.0,1.0
2022,3,MIN,5.0,4.0,0.0,3.0,3.0,0.0
2022,3,NE,5.0,3.0,1.0,5.0,5.0,0.0
2022,3,NO,4.0,2.0,0.0,2.0,1.0,1.0
2022,3,NYG,1.0,1.0,0.0,4.0,2.0,2.0
2022,3,NYJ,2.0,0.0,0.0,5.0,3.0,1.0
2022,3,PHI,5.0,3.0,1.0,3.0,1.0,0.0
2022,3,PIT,3.0,2.0,1.0,4.0,3.0,1.0
2022,3,SEA,5.0,2.0,3.0,4.0,3.0,1.0
2022,3,SF,1.0,1.0,0.0,2.0,1.0,0.0
2022,3,TB,2.0,1.0,1.0,3.0,2.0,0.0
2022,3,TEN,3.0,3.0,0.0,6.0,2.0,3.0
2022,3,WAS,3.0,1.0,0.0,5.0,3.0,1.0
2022,4,ARI,6.0,3.0,2.0,1.0,1.0,0.0
2022,4,ATL,4.0,2.0,2.0,4.0,2.0,1.0
2022,4,BAL,4.0,2.0,1.0,4.0,2.0,2.0
2022,4,BUF,4.0,2.0,2.0,4.0,2.0,1.0
2022,4,CAR,1.0,1.0,0.0,6.0,3.0,2.0
2022,4,CHI,3.0,0.0,3.0,3.0,2.0,0.0
2022,4,CIN,4.0,3.0,1.0,3.0,1.0,2.0
2022,4,CLE,4.0,2.0,1.0,4.0,2.0,2.0
2022,4,DAL,4.0,2.0,2.0,3.0,1.0,1.0
2022,4,DEN,4.0,3.0,1.0,6.0,2.0,3.0
2022,4,DET,6.0,6.0,0.0,6.0,5.0,1.0
2022,4,GB,5.0,3.0,2.0,3.0,2.0,1.0
2022,4,HOU,4.0,3.0,1.0,6.0,4.0,2.0
2022,4,IND,3.0,2.0,1.0,3.0,3.0,0.0
2022,4,JAX,3.0,2.0,0.0,6.0,4.0,1.0
2022,4,KC,6.0,5.0,1.0,4.0,4.0,0.0
2022,4,LA,3.0,0.0,3.0,3.0,2.0,1.0
2022,4,LAC,6.0,4.0,2.0,4.0,3.0,1.0
2022,4,LV,6.0,2.0,3.0,4.0,3.0,1.0
2022,4,MIA,3.0,1.0,2.0,4.0,3.0,1.0
2022,4,MIN,5.0,2.0,3.0,3.0,3.0,0.0
2022,4,NE,3.0,2.0,1.0,5.0,3.0,2.0
2022,4,NO,3.0,3.0,0.0,5.0,2.0,3.0
2022,4,NYG,3.0,2.0,0.0,3.0,0.0,3.0
2022,4,NYJ,4.0,3.0,1.0,2.0,2.0,0.0
2022,4,PHI,6.0,4.0,1.0,3.0,2.0,0.0
2022,4,PIT,2.0,2.0,0.0,4.0,3.0,1.0
2022,4,SEA,6.0,5.0,1.0,6.0,6.0,0.0
2022,4,SF,3.0,2.0,1.0,3.0,0.0,3.0
2022,4,TB,4.0,4.0,0.0,6.0,5.0,1.0
2022,4,TEN,3.0,3.0,0.0,3.0,2.0,1.0
2022,4,WAS,3.0,1.0,1.0,4.0,2.0,2.0
2022,5,ARI,3.0,2.0,1.0,4.0,2.0,2.0
2022,5,ATL,2.0,2.0,0.0,5.0,2.0,1.0
2022,5,BAL,3.0,1.0,2.0,3.0,2.0,0.0
2022,5,BUF,7.0,5.0,1.0,5.0,0.0,1.0
2022,5,CAR,3.0,1.0,2.0,5.0,4.0,1.0
2022,5,CHI,2.0,2.0,0.0,4.0,4.0,0.0
2022,5,CIN,3.0,2.0,0.0,3.0,1.0,2.0
2022,5,CLE,5.0,4.0,0.0,6.0,3.0,3.0
2022,5,DAL,3.0,1.0,2.0,3.0,1.0,1.0
2022,5,DEN,4.0,0.0,1.0,2.0,0.0,2.0
2022,5,DET,3.0,0.0,0.0,5.0,1.0,4.0
2022,5,GB,4.0,2.0,0.0,4.0,3.0,1.0
2022,5,HOU,1.0,1.0,0.0,3.0,0.0,2.0
2022,5,IND,2.0,0.0,2.0,4.0,0.0,1.0
2022,5,JAX,3.0,0.0,2.0,1.0,1.0,0.0
2022,5,KC,4.0,4.0,0.0,3.0,3.0,0.0
2022,5,LA,3.0,1.0,1.0,3.0,1.0,2.0
2022,5,LAC,6.0,3.0,3.0,5.0,4.0,0.0
2022,5,LV,3.0,3.0,0.0,4.0,4.0,0.0
2022,5,MIA,3.0,2.0,0.0,7.0,5.0,1.0
2022,5,MIN,4.0,4.0,0.0,2.0,2.0,0.0
2022,5,NE,5.0,1.0,4.0,3.0,0.0,0.0
2022,5,NO,5.0,5.0,0.0,5.0,4.0,1.0
2022,5,NYG,4.0,3.0,1.0,4.0,2.0,0.0
2022,5,NYJ,7.0,5.0,1.0,3.0,2.0,0.0
2022,5,PHI,4.0,2.0,2.0,3.0,2.0,1.0
2022,5,PIT,5.0,0.0,1.0,7.0,5.0,1.0
2022,5,SEA,5.0,4.0,1.0,5.0,5.0,0.0
2022,5,SF,5.0,4.0,1.0,3.0,1.0,2.0
2022,5,TB,5.0,2.0,1.0,2.0,2.0,0.0
2022,5,TEN,3.0,3.0,0.0,3.0,2.0,0.0
2022,5,WAS,3.0,2.0,0.0,3.0,3.0,0.0
2022,6,ARI,2.0,0.0,1.0,5.0,1.0,4.0
2022,6,ATL,3.0,3.0,0.0,4.0,2.0,0.0
2022,6,BAL,4.0,2.0,2.0,5.0,3.0,1.0
2022,6,BUF,5.0,3.0,0.0,3.0,2.0,0.0
2022,6,CAR,1.0,0.0,0.0,4.0,3.0,1.0
2022,6,CHI,4.0,1.0,0.0,3.0,1.0,2.0
2022,6,CIN,4.0,4.0,0.0,6.0,2.0,4.0
2022,6,CLE,2.0,1.0,0.0,7.0,5.0,1.0
2022,6,DAL,3.0,2.0,1.0,4.0,3.0,1.0
2022,6,DEN,2.0,1.0,1.0,4.0,1.0,3.0
2022,6,GB,2.0,1.0,1.0,4.0,2.0,2.0
2022,6,IND,5.0,4.0,1.0,4.0,4.0,0.0
2022,6,JAX,4.0,4.0,0.0,5.0,4.0,1.0
2022,6,KC,3.0,2.0,0.0,5.0,3.0,0.0
2022,6,LA,4.0,3.0,1.0,1.0,0.0,0.0
2022,6,LAC,4.0,1.0,3.0,2.0,1.0,1.0
2022,6,MIA,2.0,2.0,0.0,4.0,3.0,1.0
2022,6,MIN,4.0,3.0,1.0,2.0,2.0,0.0
2022,6,NE,7.0,5.0,1.0,2.0,1.0,0.0
2022,6,NO,6.0,2.0,4.0,4.0,4.0,0.0
2022,6,NYG,5.0,3.0,1.0,4.0,2.0,2.0
2022,6,NYJ,4.0,2.0,2.0,2.0,1.0,1.0
2022,6,PHI,4.0,3.0,1.0,3.0,2.0,1.0
2022,6,PIT,3.0,2.0,1.0,4.0,1.0,3.0
2022,6,SEA,5.0,1.0,4.0,2.0,0.0,1.0
2022,6,SF,4.0,2.0,0.0,3.0,3.0,0.0
2022,6,TB,4.0,1.0,3.0,3.0,2.0,1.0
2022,6,WAS,3.0,1.0,2.0,4.0,1.0,0.0
2022,7,ARI,4.0,3.0,1.0,6.0,4.0,1.0
2022,7,ATL,2.0,2.0,0.0,6.0,5.0,0.0
2022,7,BAL,4.0,2.0,2.0,4.0,2.0,2.0
2022,7,CAR,3.0,3.0,0.0,1.0,0.0,1.0
2022,7,CHI,6.0,3.0,2.0,2.0,2.0,0.0
2022,7,CIN,6.0,5.0,0.0,2.0,2.0,0.0
2022,7,CLE,4.0,2.0,2.0,4.0,2.0,2.0
2022,7,DAL,5.0,3.0,1.0,1.0,0.0,0.0
2022,7,DEN,2.0,1.0,1.0,2.0,1.0,1.0
2022,7,DET,1.0,0.0,0.0,5.0,3.0,1.0
2022,7,GB,2.0,2.0,0.0,5.0,2.0,3.0
2022,7,HOU,4.0,2.0,1.0,4.0,4.0,0.0
2022,7,IND,1.0,1.0,0.0,3.0,0.0,3.0
2022,7,JAX,6.0,2.0,1.0,6.0,2.0,3.0
2022,7,KC,7.0,6.0,0.0,5.0,2.0,1.0
2022,7,LAC,4.0,3.0,0.0,6.0,4.0,2.0
2022,7,LV,4.0,4.0,0.0,4.0,2.0,1.0
2022,7,MIA,3.0,1.0,1.0,2.0,1.0,0.0
2022,7,NE,2.0,2.0,0.0,6.0,3.0,2.0
2022,7,NO,6.0,4.0,1.0,4.0,3.0,1.0
2022,7,NYG,6.0,2.0,3.0,6.0,2.0,1.0
2022,7,NYJ,2.0,1.0,1.0,2.0,1.0,1.0
2022,7,PIT,2.0,1.0,0.0,3.0,1.0,1.0
2022,7,SEA,6.0,4.0,2.0,4.0,3.0,0.0
2022,7,SF,5.0,2.0,1.0,7.0,6.0,0.0
2022,7,TB,1.0,0.0,1.0,3.0,3.0,0.0
2022,7,TEN,3.0,0.0,3.0,1.0,1.0,0.0
2022,7,WAS,5.0,2.0,3.0,2.0,2.0,0.0
2022,8,ARI,4.0,3.0,1.0,5.0,5.0,0.0
2022,8,ATL,5.0,3.0,2.0,5.0,3.0,1.0
2022,8,BAL,6.0,3.0,2.0,5.0,2.0,3.0
2022,8,BUF,5.0,3.0,1.0,3.0,2.0,1.0
2022,8,CAR,5.0,3.0,1.0,5.0,3.0,2.0
2022,8,CHI,6.0,4.0,1.0,6.0,6.0,0.0
2022,8,CIN,2.0,2.0,0.0,5.0,4.0,0.0
2022,8,CLE,5.0,4.0,0.0,2.0,2.0,0.0
2022,8,DAL,6.0,6.0,0.0,6.0,4.0,1.0
2022,8,DEN,3.0,3.0,0.0,4.0,2.0,1.0
2022,8,DET,4.0,3.0,1.0,4.0,4.0,0.0
2022,8,GB,3.0,2.0,1.0,5.0,3.0,1.0
2022,8,HOU,2.0,1.0,1.0,3.0,2.0,1.0
2022,8,IND,3.0,1.0,1.0,3.0,2.0,1.0
2022,8,JAX,4.0,2.0,1.0,3.0,3.0,0.0
2022,8,LA,2.0,2.0,0.0,5.0,4.0,1.0
2022,8,LV,1.0,0.0,0.0,5.0,3.0,1.0
2022,8,MIA,4.0,4.0,0.0,4.0,3.0,1.0
2022,8,MIN,5.0,5.0,0.0,4.0,3.0,1.0
2022,8,NE,3.0,1.0,2.0,3.0,2.0,1.0
2022,8,NO,5.0,3.0,1.0,1.0,0.0,0.0
2022,8,NYG,2.0,1.0,1.0,4.0,3.0,1.0
2022,8,NYJ,3.0,2.0,1.0,3.0,1.0,2.0
2022,8,PHI,5.0,5.0,0.0,4.0,1.0,2.0
2022,8,PIT,4.0,1.0,2.0,5.0,5.0,0.0
2022,8,SEA,4.0,3.0,1.0,2.0,1.0,1.0
2022,8,SF,5.0,4.0,1.0,2.0,2.0,0.0
2022,8,TB,5.0,2.0,3.0,6.0,3.0,2.0
2022,8,TEN,3.0,2.0,1.0,2.0,1.0,1.0
2022,8,WAS,3.0,2.0,1.0,3.0,1.0,1.0
2022,9,ARI,2.0,2.0,0.0,4.0,4.0,0.0
2022,9,ATL,4.0,2.0,1.0,4.0,2.0,2.0
2022,9,BAL,5.0,3.0,2.0,3.0,1.0,2.0
2022,9,BUF,3.0,2.0,0.0,5.0,2.0,1.0
2022,9,CAR,3.0,3.0,0.0,6.0,6.0,0.0
2022,9,CHI,5.0,4.0,1.0,6.0,4.0,0.0
2022,9,CIN,6.0,6.0,0.0,3.0,3.0,0.0
2022,9,DET,3.0,2.0,0.0,5.0,1.0,1.0
2022,9,GB,5.0,1.0,1.0,3.0,2.0,0.0
2022,9,HOU,4.0,2.0,1.0,4.0,4.0,0.0
2022,9,IND,2.0,0.0,1.0,2.0,1.0,1.0
2022,9,JAX,4.0,3.0,0.0,4.0,2.0,2.0
2022,9,KC,4.0,2.0,2.0,2.0,2.0,0.0
2022,9,LA,3.0,1.0,2.0,4.0,1.0,2.0
2022,9,LAC,4.0,2.0,2.0,4.0,2.0,1.0
2022,9,LV,4.0,2.0,2.0,4.0,3.0,0.0
2022,9,MIA,6.0,4.0,0.0,5.0,4.0,1.0
2022,9,MIN,4.0,2.0,2.0,2.0,2.0,0.0
2022,9,NE,2.0,1.0,1.0,2.0,0.0,1.0
2022,9,NO,3.0,1.0,2.0,5.0,3.0,2.0
2022,9,NYJ,5.0,2.0,1.0,3.0,2.0,0.0
2022,9,PHI,4.0,4.0,0.0,4.0,2.0,1.0
2022,9,SEA,4.0,4.0,0.0,2.0,2.0,0.0
2022,9,TB,4.0,1.0,2.0,3.0,1.0,2.0
2022,9,TEN,2.0,2.0,0.0,4.0,2.0,2.0
2022,9,WAS,2.0,2.0,0.0,4.0,2.0,2.0
2022,10,ARI,4.0,3.0,1.0,3.0,2.0,1.0
2022,10,ATL,3.0,2.0,1.0,3.0,2.0,1.0
2022,10,BUF,7.0,3.0,2.0,6.0,3.0,2.0
2022,10,CAR,3.0,2.0,1.0,3.0,2.0,1.0
2022,10,CHI,5.0,4.0,1.0,5.0,3.0,1.0
2022,10,CLE,3.0,2.0,1.0,7.0,5.0,1.0
2022,10,DAL,5.0,4.0,0.0,5.0,4.0,1.0
2022,10,DEN,1.0,1.0,0.0,3.0,2.0,1.0
2022,10,DET,5.0,3.0,1.0,5.0,4.0,1.0
2022,10,GB,5.0,4.0,1.0,5.0,4.0,0.0
2022,10,HOU,6.0,1.0,3.0,3.0,3.0,0.0
2022,10,IND,4.0,3.0,0.0,4.0,3.0,0.0
2022,10,JAX,3.0,2.0,1.0,5.0,4.0,0.0
2022,10,KC,5.0,4.0,0.0,3.0,2.0,1.0
2022,10,LA,3.0,2.0,1.0,4.0,3.0,1.0
2022,10,LAC,3.0,1.0,2.0,5.0,2.0,3.0
2022,10,LV,4.0,3.0,0.0,4.0,3.0,0.0
2022,10,MIA,7.0,5.0,1.0,3.0,2.0,1.0
2022,10,MIN,6.0,3.0,2.0,7.0,3.0,2.0
2022,10,NO,1.0,1.0,0.0,5.0,2.0,2.0
2022,10,NYG,3.0,3.0,0.0,6.0,1.0,3.0
2022,10,PHI,3.0,3.0,0.0,3.0,2.0,1.0
2022,10,PIT,5.0,2.0,2.0,1.0,1.0,0.0
2022,10,SEA,3.0,2.0,0.0,4.0,3.0,0.0
2022,10,SF,5.0,2.0,3.0,3.0,1.0,2.0
2022,10,TB,4.0,3.0,0.0,3.0,2.0,0.0
2022,10,TEN,3.0,2.0,1.0,1.0,1.0,0.0
2022,10,WAS,3.0,2.0,1.0,3.0,3.0,0.0
2022,11,ARI,2.0,1.0,0.0,5.0,5.0,0.0
2022,11,ATL,4.0,3.0,0.0,3.0,3.0,0.0
2022,11,BAL,4.0,1.0,2.0,1.0,0.0,1.0
2022,11,BUF,5.0,2.0,3.0,5.0,3.0,1.0
2022,11,CAR,1.0,0.0,1.0,4.0,1.0,2.0
2022,11,CHI,3.0,3.0,0.0,4.0,3.0,0.0
2022,11,CIN,4.0,4.0,0.0,5.0,3.0,2.0
2022,11,CLE,5.0,3.0,1.0,5.0,2.0,3.0
2022,11,DAL,5.0,4.0,1.0,1.0,0.0,1.0
2022,11,DEN,2.0,1.0,0.0,2.0,1.0,1.0
2022,11,DET,5.0,4.0,1.0,3.0,3.0,0.0
2022,11,GB,3.0,2.0,1.0,6.0,4.0,0.0
2022,11,HOU,2.0,1.0,1.0,4.0,1.0,2.0
2022,11,IND,3.0,1.0,2.0,3.0,2.0,1.0
2022,11,KC,5.0,3.0,2.0,4.0,3.0,1.0
2022,11,LA,3.0,2.0,1.0,5.0,3.0,2.0
2022,11,LAC,4.0,3.0,1.0,5.0,3.0,2.0
2022,11,LV,2.0,1.0,1.0,2.0,1.0,0.0
2022,11,MIN,1.0,0.0,1.0,5.0,4.0,1.0
2022,11,NE,2.0,0.0,1.0,1.0,0.0,1.0
2022,11,NO,5.0,3.0,2.0,3.0,2.0,1.0
2022,11,NYG,3.0,3.0,0.0,5.0,4.0,1.0
2022,11,NYJ,1.0,0.0,1.0,2.0,0.0,1.0
2022,11,PHI,3.0,2.0,1.0,3.0,1.0,2.0
2022,11,PIT,5.0,3.0,2.0,4.0,4.0,0.0
2022,11,SF,5.0,5.0,0.0,2.0,1.0,0.0
2022,11,TEN,6.0,4.0,0.0,3.0,2.0,1.0
2022,11,WAS,4.0,1.0,2.0,2.0,1.0,1.0
2022,12,ARI,3.0,3.0,0.0,4.0,3.0,1.0
2022,12,ATL,2.0,1.0,0.0,3.0,2.0,1.0
2022,12,BAL,5.0,2.0,3.0,5.0,3.0,2.0
2022,12,BUF,6.0,3.0,1.0,4.0,3.0,0.0
2022,12,CAR,4.0,2.0,2.0,3.0,1.0,1.0
2022,12,CHI,3.0,1.0,1.0,5.0,4.0,0.0
2022,12,CIN,4.0,2.0,1.0,5.0,1.0,3.0
2022,12,CLE,4.0,3.0,0.0,2.0,2.0,0.0
2022,12,DAL,4.0,4.0,0.0,3.0,2.0,1.0
2022,12,DEN,3.0,1.0,1.0,4.0,2.0,2.0
2022,12,DET,4.0,3.0,0.0,6.0,3.0,1.0
2022,12,GB,6.0,4.0,2.0,6.0,5.0,1.0
2022,12,HOU,3.0,2.0,1.0,5.0,2.0,3.0
2022,12,IND,3.0,2.0,0.0,3.0,2.0,1.0
2022,12,JAX,5.0,3.0,2.0,5.0,2.0,3.0
2022,12,KC,7.0,2.0,4.0,1.0,1.0,0.0
2022,12,LA,1.0,1.0,0.0,7.0,2.0,4.0
2022,12,LAC,4.0,3.0,1.0,3.0,3.0,0.0
2022,12,LV,6.0,4.0,2.0,6.0,4.0,2.0
2022,12,MIA,5.0,2.0,3.0,3.0,2.0,1.0
2022,12,MIN,6.0,4.0,2.0,5.0,2.0,3.0
2022,12,NE,5.0,2.0,3.0,6.0,4.0,2.0
2022,12,NO,2.0,0.0,0.0,3.0,1.0,1.0
2022,12,NYG,3.0,2.0,1.0,4.0,4.0,0.0
2022,12,NYJ,5.0,4.0,0.0,3.0,1.0,1.0
2022,12,PHI,6.0,5.0,1.0,6.0,4.0,2.0
2022,12,PIT,3.0,2.0,1.0,3.0,2.0,0.0
2022,12,SEA,6.0,4.0,2.0,6.0,4.0,2.0
2022,12,SF,3.0,1.0,1.0,2.0,0.0,0.0
2022,12,TB,2.0,2.0,0.0,4.0,3.0,0.0
2022,12,TEN,5.0,1.0,3.0,4.0,2.0,1.0
2022,12,WAS,3.0,2.0,1.0,2.0,1.0,0.0
2022,13,ATL,2.0,1.0,1.0,3.0,1.0,1.0
2022,13,BAL,2.0,1.0,1.0,0.0,0.0,0.0
2022,13,BUF,3.0,3.0,0.0,2.0,1.0,1.0
2022,13,CHI,3.0,2.0,1.0,5.0,3.0,2.0
2022,13,CIN,7.0,3.0,2.0,5.0,3.0,1.0
2022,13,CLE,1.0,0.0,0.0,5.0,1.0,2.0
2022,13,DAL,7.0,7.0,0.0,3.0,2.0,1.0
2022,13,DEN,0.0,0.0,0.0,2.0,1.0,1.0
2022,13,DET,6.0,4.0,2.0,2.0,1.0,1.0
2022,13,GB,5.0,3.0,2.0,3.0,2.0,1.0
2022,13,HOU,5.0,1.0,2.0,1.0,0.0,0.0
2022,13,IND,3.0,2.0,1.0,7.0,7.0,0.0
2022,13,JAX,2.0,1.0,1.0,6.0,4.0,2.0
2022,13,KC,5.0,3.0,1.0,7.0,3.0,2.0
2022,13,LA,3.0,2.0,1.0,5.0,3.0,2.0
2022,13,LAC,4.0,1.0,2.0,4.0,3.0,1.0
2022,13,LV,4.0,3.0,1.0,4.0,1.0,2.0
2022,13,MIA,3.0,2.0,1.0,5.0,2.0,3.0
2022,13,MIN,3.0,3.0,0.0,6.0,1.0,3.0
2022,13,NE,2.0,1.0,1.0,3.0,3.0,0.0
2022,13,NO,4.0,1.0,3.0,3.0,2.0,1.0
2022,13,NYG,3.0,2.0,1.0,3.0,2.0,1.0
2022,13,NYJ,6.0,1.0,3.0,3.0,3.0,0.0
2022,13,PHI,5.0,5.0,0.0,3.0,1.0,1.0
2022,13,PIT,3.0,1.0,1.0,2.0,1.0,1.0
2022,13,SEA,5.0,3.0,2.0,3.0,2.0,1.0
2022,13,SF,5.0,2.0,3.0,3.0,2.0,1.0
2022,13,TB,3.0,2.0,1.0,4.0,1.0,3.0
2022,13,TEN,3.0,1.0,1.0,5.0,5.0,0.0
2022,13,WAS,3.0,2.0,1.0,3.0,2.0,1.0
2022,14,ARI,3.0,1.0,2.0,4.0,2.0,1.0
2022,14,BAL,3.0,1.0,2.0,4.0,2.0,0.0
2022,14,BUF,3.0,2.0,1.0,3.0,1.0,1.0
2022,14,CAR,5.0,3.0,1.0,4.0,3.0,1.0
2022,14,CIN,4.0,3.0,1.0,3.0,1.0,1.0
2022,14,CLE,3.0,1.0,1.0,4.0,3.0,1.0
2022,14,DAL,5.0,3.0,1.0,3.0,2.0,0.0
2022,14,DEN,4.0,4.0,0.0,4.0,3.0,1.0
2022,14,DET,4.0,4.0,0.0,5.0,3.0,1.0
2022,14,HOU,3.0,2.0,0.0,5.0,3.0,1.0
2022,14,JAX,6.0,4.0,2.0,4.0,3.0,0.0
2022,14,KC,4.0,3.0,1.0,4.0,4.0,0.0
2022,14,LA,2.0,2.0,0.0,4.0,1.0,2.0
2022,14,LAC,6.0,2.0,3.0,2.0,2.0,0.0
2022,14,LV,4.0,1.0,2.0,2.0,2.0,0.0
2022,14,MIA,2.0,2.0,0.0,6.0,2.0,3.0
2022,14,MIN,5.0,3.0,1.0,4.0,4.0,0.0
2022,14,NE,4.0,2.0,1.0,3.0,1.0,2.0
2022,14,NYG,4.0,3.0,0.0,8.0,6.0,2.0
2022,14,NYJ,3.0,1.0,1.0,3.0,2.0,1.0
2022,14,PHI,8.0,6.0,2.0,4.0,3.0,0.0
2022,14,PIT,4.0,2.0,0.0,3.0,1.0,2.0
2022,14,SEA,4.0,3.0,1.0,5.0,3.0,1.0
2022,14,SF,6.0,5.0,0.0,2.0,1.0,0.0
2022,14,TB,2.0,1.0,0.0,6.0,5.0,0.0
2022,14,TEN,4.0,3.0,0.0,6.0,4.0,2.0
2022,15,ARI,1.0,1.0,0.0,4.0,3.0,0.0
2022,15,ATL,3.0,2.0,1.0,4.0,3.0,0.0
2022,15,BAL,2.0,0.0,0.0,5.0,1.0,1.0
2022,15,BUF,5.0,4.0,1.0,5.0,3.0,2.0
2022,15,CAR,3.0,1.0,2.0,3.0,3.0,0.0
2022,15,CHI,4.0,3.0,0.0,5.0,3.0,1.0
2022,15,CIN,5.0,4.0,1.0,4.0,3.0,1.0
2022,15,CLE,5.0,1.0,1.0,2.0,0.0,0.0
2022,15,DAL,5.0,4.0,1.0,5.0,4.0,1.0
2022,15,DEN,4.0,3.0,0.0,1.0,1.0,0.0
2022,15,DET,4.0,1.0,2.0,3.0,2.0,1.0
2022,15,GB,5.0,3.0,1.0,2.0,1.0,1.0
2022,15,HOU,4.0,3.0,1.0,4.0,3.0,1.0
2022,15,IND,5.0,1.0,3.0,5.0,5.0,0.0
2022,15,JAX,5.0,4.0,1.0,5.0,4.0,1.0
2022,15,KC,4.0,3.0,1.0,4.0,3.0,1.0
2022,15,LA,2.0,1.0,1.0,5.0,3.0,1.0
2022,15,LAC,3.0,2.0,1.0,2.0,2.0,0.0
2022,15,LV,3.0,3.0,0.0,2.0,1.0,1.0
2022,15,MIA,5.0,3.0,2.0,5.0,4.0,1.0
2022,15,MIN,5.0,5.0,0.0,5.0,1.0,3.0
2022,15,NE,2.0,1.0,1.0,3.0,3.0,0.0
2022,15,NO,4.0,3.0,0.0,3.0,2.0,1.0
2022,15,NYG,1.0,1.0,0.0,3.0,1.0,0.0
2022,15,NYJ,3.0,2.0,1.0,4.0,1.0,2.0
2022,15,PHI,5.0,3.0,1.0,4.0,3.0,0.0
2022,15,PIT,3.0,3.0,0.0,3.0,1.0,2.0
2022,15,SEA,2.0,1.0,1.0,4.0,3.0,0.0
2022,15,SF,4.0,3.0,0.0,2.0,1.0,1.0
2022,15,TB,4.0,3.0,1.0,5.0,4.0,1.0
2022,15,TEN,2.0,2.0,0.0,3.0,2.0,1.0
2022,15,WAS,3.0,1.0,0.0,1.0,1.0,0.0
2022,16,ARI,3.0,1.0,1.0,4.0,1.0,3.0
2022,16,ATL,4.0,0.0,3.0,4.0,1.0,3.0
2022,16,BAL,4.0,1.0,3.0,4.0,0.0,3.0
2022,16,BUF,7.0,5.0,0.0,4.0,1.0,2.0
2022,16,CAR,6.0,4.0,2.0,6.0,3.0,1.0
2022,16,CHI,4.0,1.0,2.0,7.0,5.0,0.0
2022,16,CIN,5.0,3.0,1.0,3.0,2.0,0.0
2022,16,CLE,3.0,1.0,1.0,3.0,2.0,1.0
2022,16,DAL,6.0,4.0,2.0,5.0,3.0,1.0
2022,16,DEN,1.0,1.0,0.0,6.0,5.0,1.0
2022,16,DET,6.0,3.0,1.0,6.0,4.0,2.0
2022,16,GB,5.0,2.0,3.0,3.0,2.0,1.0
2022,16,HOU,4.0,2.0,2.0,2.0,2.0,0.0
2022,16,IND,1.0,0.0,0.0,4.0,2.0,2.0
2022,16,JAX,3.0,1.0,2.0,2.0,0.0,1.0
2022,16,KC,3.0,3.0,0.0,3.0,1.0,1.0
2022,16,LA,6.0,5.0,1.0,1.0,1.0,0.0
2022,16,LAC,4.0,2.0,2.0,1.0,0.0,0.0
2022,16,LV,1.0,1.0,0.0,1.0,1.0,0.0
2022,16,MIA,3.0,2.0,1.0,5.0,2.0,3.0
2022,16,MIN,4.0,3.0,1.0,3.0,2.0,1.0
2022,16,NE,3.0,2.0,0.0,5.0,3.0,1.0
2022,16,NO,3.0,2.0,1.0,3.0,1.0,1.0
2022,16,NYG,3.0,2.0,1.0,4.0,3.0,1.0
2022,16,NYJ,2.0,0.0,1.0,3.0,1.0,2.0
2022,16,PHI,5.0,3.0,1.0,6.0,4.0,2.0
2022,16,PIT,1.0,1.0,0.0,1.0,1.0,0.0
2022,16,SEA,3.0,1.0,1.0,3.0,3.0,0.0
2022,16,SF,8.0,4.0,3.0,4.0,3.0,0.0
2022,16,TB,4.0,1.0,3.0,3.0,1.0,1.0
2022,16,TEN,2.0,2.0,0.0,4.0,2.0,2.0
2022,16,WAS,4.0,3.0,0.0,8.0,4.0,3.0
2022,17,ARI,4.0,1.0,3.0,5.0,2.0,2.0
2022,17,ATL,5.0,2.0,2.0,4.0,1.0,3.0
2022,17,BAL,2.0,1.0,1.0,3.0,1.0,2.0
2022,17,CAR,3.0,3.0,0.0,6.0,4.0,1.0
2022,17,CHI,2.0,1.0,1.0,7.0,5.0,2.0
2022,17,CLE,5.0,3.0,1.0,1.0,1.0,0.0
2022,17,DAL,4.0,3.0,1.0,3.0,1.0,2.0
2022,17,DEN,3.0,3.0,0.0,5.0,4.0,0.0
2022,17,DET,7.0,5.0,2.0,2.0,1.0,1.0
2022,17,GB,5.0,4.0,1.0,4.0,2.0,1.0
2022,17,HOU,1.0,0.0,0.0,3.0,3.0,0.0
2022,17,IND,2.0,1.0,1.0,5.0,4.0,1.0
2022,17,JAX,3.0,3.0,0.0,1.0,0.0,0.0
2022,17,KC,5.0,4.0,0.0,3.0,3.0,0.0
2022,17,LA,2.0,1.0,1.0,4.0,4.0,0.0
2022,17,LAC,4.0,4.0,0.0,2.0,1.0,1.0
2022,17,LV,6.0,4.0,1.0,6.0,4.0,2.0
2022,17,MIA,3.0,3.0,0.0,2.0,2.0,0.0
2022,17,MIN,4.0,2.0,1.0,5.0,4.0,1.0
2022,17,NE,2.0,2.0,0.0,3.0,3.0,0.0
2022,17,NO,3.0,1.0,1.0,1.0,1.0,0.0
2022,17,NYG,5.0,4.0,1.0,2.0,1.0,1.0
2022,17,NYJ,1.0,0.0,1.0,5.0,2.0,3.0
2022,17,PHI,1.0,1.0,0.0,3.0,1.0,1.0
2022,17,PIT,3.0,1.0,2.0,2.0,1.0,1.0
2022,17,SEA,5.0,2.0,3.0,1.0,0.0,1.0
2022,17,SF,6.0,4.0,2.0,6.0,4.0,1.0
2022,17,TB,6.0,4.0,1.0,3.0,3.0,0.0
2022,17,TEN,3.0,1.0,2.0,4.0,3.0,1.0
2022,17,WAS,1.0,1.0,0.0,5.0,3.0,1.0
2022,18,ARI,2.0,2.0,0.0,7.0,5.0,1.0
2022,18,ATL,4.0,3.0,1.0,3.0,2.0,1.0
2022,18,BAL,3.0,1.0,2.0,4.0,2.0,2.0
2022,18,BUF,7.0,5.0,0.0,5.0,3.0,1.0
2022,18,CAR,1.0,1.0,0.0,2.0,1.0,0.0
2022,18,CHI,2.0,2.0,0.0,5.0,3.0,1.0
2022,18,CIN,4.0,2.0,2.0,3.0,1.0,2.0
2022,18,CLE,2.0,2.0,0.0,5.0,3.0,1.0
2022,18,DAL,1.0,1.0,0.0,6.0,2.0,2.0
2022,18,DEN,5.0,4.0,1.0,4.0,3.0,1.0
2022,18,DET,5.0,2.0,2.0,3.0,1.0,2.0
2022,18,GB,3.0,1.0,2.0,5.0,2.0,2.0
2022,18,HOU,4.0,3.0,1.0,5.0,3.0,0.0
2022,18,IND,5.0,3.0,0.0,4.0,3.0,1.0
2022,18,JAX,3.0,1.0,2.0,3.0,1.0,2.0
2022,18,KC,5.0,4.0,0.0,3.0,1.0,1.0
2022,18,LA,3.0,1.0,2.0,5.0,1.0,4.0
2022,18,LAC,4.0,3.0,1.0,5.0,4.0,1.0
2022,18,LV,3.0,1.0,1.0,5.0,4.0,0.0
2022,18,MIA,2.0,0.0,2.0,2.0,0.0,2.0
2022,18,MIN,5.0,3.0,1.0,2.0,2.0,0.0
2022,18,NE,5.0,3.0,1.0,7.0,5.0,0.0
2022,18,NO,2.0,1.0,0.0,1.0,1.0,0.0
2022,18,NYG,3.0,2.0,1.0,5.0,1.0,3.0
2022,18,NYJ,2.0,0.0,2.0,2.0,0.0,2.0
2022,18,PHI,5.0,1.0,3.0,3.0,2.0,1.0
2022,18,PIT,5.0,3.0,1.0,2.0,2.0,0.0
2022,18,SEA,5.0,1.0,4.0,3.0,1.0,2.0
2022,18,SF,7.0,5.0,1.0,2.0,2.0,0.0
2022,18,TB,3.0,2.0,1.0,4.0,3.0,1.0
2022,18,TEN,3.0,1.0,2.0,3.0,1.0,2.0
2022,18,WAS,6.0,2.0,2.0,1.0,1.0,0.0
2022,19,BAL,5.0,3.0,1.0,2.0,2.0,0.0
2022,19,BUF,5.0,4.0,1.0,4.0,2.0,2.0
2022,19,CIN,2.0,2.0,0.0,5.0,3.0,1.0
2022,19,DAL,5.0,5.0,0.0,4.0,2.0,0.0
2022,19,JAX,5.0,4.0,1.0,5.0,3.0,2.0
2022,19,LAC,5.0,3.0,2.0,5.0,4.0,1.0
2022,19,MIA,4.0,2.0,2.0,5.0,4.0,1.0
2022,19,MIN,4.0,3.0,1.0,5.0,4.0,1.0
2022,19,NYG,5.0,4.0,1.0,4.0,3.0,1.0
2022,19,SEA,4.0,3.0,0.0,7.0,4.0,3.0
2022,19,SF,7.0,4.0,3.0,4.0,3.0,0.0
2022,19,TB,4.0,2.0,0.0,5.0,5.0,0.0
2022,20,BUF,3.0,1.0,1.0,5.0,3.0,2.0
2022,20,CIN,5.0,3.0,2.0,3.0,1.0,1.0
2022,20,DAL,3.0,1.0,1.0,3.0,1.0,2.0
2022,20,JAX,3.0,2.0,0.0,3.0,3.0,0.0
2022,20,KC,3.0,3.0,0.0,3.0,2.0,0.0
2022,20,NYG,1.0,1.0,0.0,6.0,5.0,1.0
2022,20,PHI,6.0,5.0,1.0,1.0,1.0,0.0
2022,20,SF,3.0,1.0,2.0,3.0,1.0,1.0
2022,21,CIN,4.0,2.0,2.0,3.0,2.0,1.0
2022,21,KC,3.0,2.0,1.0,4.0,2.0,2.0
2022,21,PHI,6.0,4.0,1.0,1.0,1.0,0.0
2022,21,SF,1.0,1.0,0.0,6.0,4.0,1.0
2022,22,KC,5.0,4.0,1.0,6.0,4.0,2.0
2022,22,PHI,6.0,4.0,2.0,5.0,4.0,1.0
2023,1,ARI,2.0,0.0,2.0,5.0,2.0,2.0
2023,1,ATL,3.0,3.0,0.0,2.0,1.0,0.0
2023,1,BAL,5.0,3.0,1.0,3.0,0.0,3.0
2023,1,BUF,2.0,1.0,1.0,3.0,1.0,2.0
2023,1,CAR,2.0,1.0,0.0,3.0,3.0,0.0
2023,1,CHI,4.0,2.0,1.0,4.0,4.0,0.0
2023,1,CIN,0.0,0.0,0.0,3.0,2.0,1.0
2023,1,CLE,3.0,2.0,1.0,0.0,0.0,0.0
2023,1,DAL,5.0,3.0,2.0,2.0,1.0,0.0
2023,1,DEN,3.0,2.0,1.0,4.0,2.0,1.0
2023,1,DET,4.0,2.0,0.0,4.0,2.0,2.0
2023,1,GB,4.0,4.0,0.0,4.0,2.0,1.0
2023,1,HOU,3.0,0.0,3.0,5.0,3.0,1.0
2023,1,IND,4.0,2.0,0.0,4.0,4.0,0.0
2023,1,JAX,4.0,4.0,0.0,4.0,2.0,0.0
2023,1,KC,4.0,2.0,2.0,4.0,2.0,0.0
2023,1,LA,4.0,3.0,1.0,3.0,1.0,1.0
2023,1,LAC,5.0,4.0,1.0,6.0,4.0,1.0
2023,1,LV,4.0,2.0,1.0,3.0,2.0,1.0
2023,1,MIA,6.0,4.0,1.0,5.0,4.0,1.0
2023,1,MIN,4.0,2.0,1.0,3.0,2.0,1.0
2023,1,NE,5.0,3.0,0.0,2.0,1.0,1.0
2023,1,NO,4.0,1.0,2.0,3.0,0.0,3.0
2023,1,NYG,2.0,1.0,0.0,5.0,3.0,2.0
2023,1,NYJ,3.0,1.0,2.0,2.0,1.0,1.0
2023,1,PHI,2.0,1.0,1.0,5.0,3.0,0.0
2023,1,PIT,2.0,1.0,0.0,4.0,3.0,1.0
2023,1,SEA,3.0,1.0,1.0,4.0,3.0,1.0
2023,1,SF,4.0,3.0,1.0,2.0,1.0,0.0
2023,1,TB,3.0,2.0,1.0,4.0,2.0,1.0
2023,1,TEN,3.0,0.0,3.0,4.0,1.0,2.0
2023,1,WAS,5.0,2.0,2.0,2.0,0.0,2.0
2023,2,ARI,5.0,3.0,2.0,5.0,4.0,1.0
2023,2,ATL,5.0,2.0,3.0,4.0,3.0,1.0
2023,2,BAL,4.0,3.0,1.0,4.0,2.0,1.0
2023,2,BUF,7.0,5.0,1.0,2.0,1.0,0.0
2023,2,CAR,3.0,1.0,1.0,4.0,2.0,2.0
2023,2,CHI,2.0,2.0,0.0,5.0,2.0,2.0
2023,2,CIN,4.0,2.0,1.0,4.0,3.0,1.0
2023,2,CLE,3.0,2.0,0.0,1.0,1.0,0.0
2023,2,DAL,6.0,2.0,4.0,2.0,1.0,1.0
2023,2,DEN,6.0,4.0,2.0,4.0,4.0,0.0
2023,2,DET,5.0,4.0,1.0,5.0,4.0,1.0
2023,2,GB,4.0,3.0,1.0,5.0,2.0,3.0
2023,2,HOU,5.0,2.0,2.0,4.0,4.0,0.0
2023,2,IND,4.0,4.0,0.0,5.0,2.0,2.0
2023,2,JAX,3.0,0.0,2.0,4.0,2.0,1.0
2023,2,KC,4.0,2.0,1.0,3.0,0.0,2.0
2023,2,LA,4.0,2.0,2.0,5.0,3.0,2.0
2023,2,LAC,5.0,2.0,3.0,4.0,3.0,1.0
2023,2,LV,2.0,1.0,0.0,7.0,5.0,1.0
2023,2,MIA,4.0,3.0,1.0,2.0,2.0,0.0
2023,2,MIN,4.0,4.0,0.0,5.0,4.0,1.0
2023,2,NE,2.0,2.0,0.0,4.0,3.0,1.0
2023,2,NO,4.0,2.0,2.0,3.0,1.0,1.0
2023,2,NYG,5.0,4.0,1.0,5.0,3.0,2.0
2023,2,NYJ,2.0,1.0,1.0,6.0,2.0,4.0
2023,2,PHI,5.0,4.0,1.0,4.0,4.0,0.0
2023,2,PIT,1.0,1.0,0.0,3.0,2.0,0.0
2023,2,SEA,5.0,4.0,1.0,5.0,4.0,1.0
2023,2,SF,5.0,3.0,2.0,4.0,2.0,2.0
2023,2,TB,5.0,2.0,2.0,2.0,2.0,0.0
2023,2,TEN,4.0,3.0,1.0,5.0,2.0,3.0
2023,2,WAS,4.0,4.0,0.0,6.0,4.0,2.0
2023,3,ARI,3.0,3.0,0.0,5.0,1.0,2.0
2023,3,ATL,1.0,0.0,1.0,5.0,2.0,2.0
2023,3,BAL,3.0,2.0,0.0,2.0,1.0,1.0
2023,3,BUF,5.0,3.0,2.0,2.0,0.0,0.0
2023,3,CAR,4.0,3.0,1.0,7.0,3.0,4.0
2023,3,CHI,2.0,1.0,1.0,6.0,5.0,1.0
2023,3,CIN,1.0,1.0,0.0,4.0,1.0,3.0
2023,3,CLE,3.0,3.0,0.0,2.0,0.0,1.0
2023,3,DAL,5.0,1.0,2.0,3.0,3.0,0.0
2023,3,DEN,5.0,2.0,2.0,10.0,10.0,0.0
2023,3,DET,5.0,2.0,2.0,1.0,0.0,1.0
2023,3,GB,4.0,2.0,1.0,2.0,1.0,1.0
2023,3,HOU,7.0,4.0,3.0,3.0,2.0,1.0
2023,3,IND,2.0,1.0,1.0,3.0,2.0,0.0
2023,3,JAX,3.0,2.0,1.0,7.0,4.0,3.0
2023,3,KC,6.0,5.0,1.0,2.0,1.0,1.0
2023,3,LA,4.0,1.0,3.0,1.0,1.0,0.0
2023,3,LAC,4.0,4.0,0.0,6.0,3.0,1.0
2023,3,LV,3.0,2.0,1.0,2.0,2.0,0.0
2023,3,MIA,10.0,10.0,0.0,5.0,2.0,2.0
2023,3,MIN,6.0,3.0,1.0,4.0,4.0,0.0
2023,3,NE,3.0,1.0,0.0,1.0,1.0,0.0
2023,3,NO,2.0,1.0,1.0,4.0,2.0,1.0
2023,3,NYG,1.0,1.0,0.0,6.0,3.0,3.0
2023,3,NYJ,1.0,1.0,0.0,3.0,1.0,0.0
2023,3,PHI,7.0,2.0,3.0,2.0,1.0,1.0
2023,3,PIT,2.0,2.0,0.0,3.0,2.0,1.0
2023,3,SEA,7.0,3.0,4.0,4.0,3.0,1.0
2023,3,SF,6.0,3.0,3.0,1.0,1.0,0.0
2023,3,TB,2.0,1.0,1.0,7.0,2.0,3.0
2023,3,TEN,2.0,0.0,1.0,3.0,3.0,0.0
2023,3,WAS,2.0,0.0,0.0,5.0,3.0,2.0
2023,4,ARI,4.0,2.0,1.0,5.0,5.0,0.0
2023,4,ATL,2.0,1.0,0.0,3.0,1.0,1.0
2023,4,BAL,4.0,4.0,0.0,2.0,0.0,1.0
2023,4,BUF,7.0,6.0,1.0,4.0,3.0,0.0
2023,4,CAR,2.0,0.0,1.0,3.0,3.0,0.0
2023,4,CHI,5.0,4.0,0.0,3.0,3.0,0.0
2023,4,CIN,1.0,0.0,1.0,5.0,3.0,1.0
2023,4,CLE,2.0,0.0,1.0,4.0,4.0,0.0
2023,4,DAL,5.0,2.0,3.0,1.0,0.0,1.0
2023,4,DEN,3.0,3.0,0.0,5.0,4.0,0.0
2023,4,DET,7.0,4.0,2.0,4.0,2.0,1.0
2023,4,GB,4.0,2.0,1.0,7.0,4.0,2.0
2023,4,HOU,5.0,3.0,2.0,2.0,0.0,2.0
2023,4,IND,3.0,3.0,0.0,3.0,2.0,1.0
2023,4,JAX,3.0,1.0,1.0,2.0,1.0,0.0
2023,4,KC,6.0,2.0,3.0,3.0,2.0,1.0
2023,4,LA,3.0,2.0,1.0,3.0,3.0,0.0
2023,4,LAC,4.0,3.0,1.0,5.0,2.0,1.0
2023,4,LV,5.0,2.0,1.0,4.0,3.0,1.0
2023,4,MIA,4.0,3.0,0.0,7.0,6.0,1.0
2023,4,MIN,3.0,3.0,0.0,2.0,0.0,1.0
2023,4,NE,1.0,0.0,1.0,5.0,2.0,3.0
2023,4,NO,2.0,0.0,2.0,4.0,3.0,1.0
2023,4,NYG,1.0,1.0,0.0,4.0,2.0,1.0
2023,4,NYJ,3.0,2.0,1.0,6.0,2.0,3.0
2023,4,PHI,4.0,3.0,1.0,5.0,4.0,1.0
2023,4,PIT,2.0,0.0,2.0,5.0,3.0,2.0
2023,4,SEA,4.0,2.0,1.0,1.0,1.0,0.0
2023,4,SF,5.0,5.0,0.0,4.0,2.0,1.0
2023,4,TB,4.0,3.0,1.0,2.0,0.0,2.0
2023,4,TEN,5.0,3.0,1.0,1.0,0.0,1.0
2023,4,WAS,5.0,4.0,1.0,4.0,3.0,1.0
2023,5,ARI,4.0,3.0,0.0,6.0,3.0,2.0
2023,5,ATL,4.0,2.0,2.0,3.0,1.0,2.0
2023,5,BAL,3.0,1.0,1.0,3.0,1.0,2.0
2023,5,BUF,3.0,3.0,0.0,5.0,3.0,0.0
2023,5,CAR,4.0,3.0,1.0,6.0,6.0,0.0
2023,5,CHI,7.0,4.0,3.0,3.0,2.0,1.0
2023,5,CIN,6.0,3.0,2.0,4.0,3.0,0.0
2023,5,DAL,2.0,1.0,0.0,7.0,6.0,0.0
2023,5,DEN,4.0,2.0,2.0,7.0,1.0,4.0
2023,5,DET,6.0,6.0,0.0,4.0,3.0,1.0
2023,5,GB,3.0,1.0,2.0,3.0,2.0,1.0
2023,5,HOU,3.0,1.0,2.0,4.0,2.0,2.0
2023,5,IND,6.0,2.0,3.0,4.0,1.0,2.0
2023,5,JAX,5.0,3.0,0.0,3.0,3.0,0.0
2023,5,KC,4.0,3.0,1.0,4.0,2.0,1.0
2023,5,LA,2.0,2.0,0.0,7.0,2.0,3.0
2023,5,LV,3.0,2.0,1.0,3.0,1.0,2.0
2023,5,MIA,5.0,5.0,0.0,3.0,0.0,1.0
2023,5,MIN,4.0,2.0,1.0,4.0,3.0,1.0
2023,5,NE,0.0,0.0,0.0,4.0,3.0,0.0
2023,5,NO,4.0,3.0,0.0,0.0,0.0,0.0
2023,5,NYG,3.0,0.0,1.0,5.0,5.0,0.0
2023,5,NYJ,7.0,1.0,4.0,4.0,2.0,2.0
2023,5,PHI,7.0,2.0,3.0,2.0,2.0,0.0
2023,5,PIT,3.0,1.0,2.0,3.0,1.0,1.0
2023,5,SF,7.0,6.0,0.0,2.0,1.0,0.0
2023,5,TEN,4.0,1.0,2.0,6.0,2.0,3.0
2023,5,WAS,3.0,2.0,1.0,7.0,4.0,3.0
2023,6,ARI,3.0,0.0,2.0,5.0,2.0,3.0
2023,6,ATL,3.0,2.0,0.0,4.0,3.0,1.0
2023,6,BAL,6.0,1.0,5.0,4.0,1.0,3.0
2023,6,BUF,2.0,2.0,0.0,5.0,0.0,3.0
2023,6,CAR,3.0,2.0,0.0,6.0,6.0,0.0
2023,6,CHI,2.0,1.0,1.0,1.0,1.0,0.0
2023,6,CIN,2.0,2.0,0.0,5.0,1.0,1.0
2023,6,CLE,2.0,1.0,1.0,3.0,2.0,1.0
2023,6,DAL,4.0,2.0,1.0,4.0,2.0,1.0
2023,6,DEN,1.0,1.0,0.0,5.0,1.0,2.0
2023,6,DET,4.0,2.0,2.0,2.0,0.0,2.0
2023,6,HOU,4.0,2.0,2.0,4.0,1.0,1.0
2023,6,IND,4.0,2.0,1.0,5.0,4.0,1.0
2023,6,JAX,5.0,4.0,1.0,4.0,2.0,1.0
2023,6,KC,5.0,1.0,2.0,1.0,1.0,0.0
2023,6,LA,5.0,2.0,3.0,3.0,0.0,2.0
2023,6,LAC,4.0,2.0,1.0,4.0,2.0,1.0
2023,6,LV,7.0,1.0,4.0,2.0,2.0,0.0
2023,6,MIA,6.0,6.0,0.0,3.0,2.0,0.0
2023,6,MIN,1.0,1.0,0.0,2.0,1.0,1.0
2023,6,NE,2.0,2.0,0.0,7.0,1.0,4.0
2023,6,NO,4.0,1.0,1.0,4.0,2.0,2.0
2023,6,NYG,5.0,0.0,3.0,2.0,2.0,0.0
2023,6,NYJ,5.0,1.0,4.0,3.0,2.0,0.0
2023,6,PHI,3.0,2.0,0.0,5.0,1.0,4.0
2023,6,SEA,5.0,1.0,1.0,2.0,2.0,0.0
2023,6,SF,3.0,2.0,1.0,2.0,1.0,1.0
2023,6,TB,2.0,0.0,2.0,4.0,2.0,2.0
2023,6,TEN,4.0,1.0,3.0,6.0,1.0,5.0
2023,6,WAS,4.0,3.0,1.0,3.0,2.0,0.0
2023,7,ARI,3.0,2.0,0.0,3.0,1.0,1.0
2023,7,ATL,5.0,1.0,1.0,3.0,1.0,2.0
2023,7,BAL,6.0,5.0,1.0,3.0,1.0,0.0
2023,7,BUF,5.0,3.0,1.0,5.0,3.0,2.0
2023,7,CHI,3.0,3.0,0.0,2.0,1.0,1.0
2023,7,CLE,3.0,3.0,0.0,5.0,4.0,1.0
2023,7,DEN,4.0,1.0,3.0,3.0,2.0,1.0
2023,7,DET,3.0,1.0,0.0,6.0,5.0,1.0
2023,7,GB,3.0,2.0,1.0,4.0,1.0,3.0
2023,7,IND,5.0,4.0,1.0,3.0,3.0,0.0
2023,7,JAX,3.0,3.0,0.0,5.0,2.0,2.0
2023,7,KC,5.0,4.0,1.0,3.0,2.0,0.0
2023,7,LA,2.0,2.0,0.0,3.0,3.0,0.0
2023,7,LAC,3.0,2.0,0.0,5.0,4.0,1.0
2023,7,LV,2.0,1.0,1.0,3.0,3.0,0.0
2023,7,MIA,2.0,1.0,1.0,6.0,4.0,1.0
2023,7,MIN,4.0,2.0,2.0,3.0,2.0,0.0
2023,7,NE,5.0,3.0,2.0,5.0,3.0,1.0
2023,7,NO,5.0,2.0,2.0,3.0,3.0,0.0
2023,7,NYG,3.0,2.0,0.0,3.0,1.0,0.0
2023,7,PHI,6.0,4.0,1.0,2.0,1.0,1.0
2023,7,PIT,3.0,3.0,0.0,2.0,2.0,0.0
2023,7,SEA,3.0,1.0,1.0,3.0,2.0,0.0
2023,7,SF,3.0,2.0,0.0,4.0,2.0,2.0
2023,7,TB,3.0,1.0,2.0,5.0,1.0,1.0
2023,7,WAS,3.0,1.0,0.0,3.0,2.0,0.0
2023,8,ARI,3.0,3.0,0.0,4.0,4.0,0.0
2023,8,ATL,3.0,2.0,1.0,4.0,4.0,0.0
2023,8,BAL,4.0,4.0,0.0,3.0,3.0,0.0
2023,8,BUF,6.0,3.0,1.0,2.0,2.0,0.0
2023,8,CAR,4.0,1.0,2.0,2.0,2.0,0.0
2023,8,CHI,2.0,2.0,0.0,3.0,3.0,0.0
2023,8,CIN,5.0,4.0,0.0,4.0,2.0,1.0
2023,8,CLE,5.0,2.0,2.0,5.0,3.0,1.0
2023,8,DAL,6.0,4.0,1.0,3.0,2.0,1.0
2023,8,DEN,5.0,3.0,1.0,3.0,0.0,2.0
2023,8,DET,6.0,2.0,2.0,1.0,1.0,0.0
2023,8,GB,4.0,1.0,1.0,5.0,3.0,1.0
2023,8,HOU,2.0,2.0,0.0,4.0,1.0,2.0
2023,8,IND,4.0,3.0,1.0,6.0,5.0,1.0
2023,8,JAX,5.0,1.0,2.0,2.0,1.0,1.0
2023,8,KC,3.0,0.0,2.0,5.0,3.0,1.0
2023,8,LA,3.0,2.0,1.0,6.0,4.0,1.0
2023,8,LAC,3.0,3.0,0.0,2.0,2.0,0.0
2023,8,LV,1.0,1.0,0.0,6.0,2.0,2.0
2023,8,MIA,6.0,4.0,1.0,3.0,2.0,1.0
2023,8,MIN,5.0,3.0,1.0,4.0,1.0,1.0
2023,8,NE,3.0,2.0,1.0,6.0,4.0,1.0
2023,8,NO,6.0,5.0,1.0,4.0,3.0,1.0
2023,8,NYG,3.0,1.0,1.0,3.0,1.0,2.0
2023,8,NYJ,3.0,1.0,2.0,3.0,1.0,1.0
2023,8,PHI,7.0,5.0,0.0,4.0,4.0,0.0
2023,8,PIT,2.0,1.0,1.0,5.0,1.0,2.0
2023,8,SEA,5.0,3.0,1.0,5.0,2.0,2.0
2023,8,SF,4.0,2.0,1.0,5.0,4.0,0.0
2023,8,TB,2.0,2.0,0.0,6.0,3.0,1.0
2023,8,TEN,4.0,4.0,0.0,3.0,2.0,1.0
2023,8,WAS,4.0,4.0,0.0,7.0,5.0,0.0
2023,9,ARI,0.0,0.0,0.0,4.0,3.0,1.0
2023,9,ATL,4.0,2.0,2.0,6.0,3.0,3.0
2023,9,BAL,7.0,4.0,2.0,1.0,0.0,1.0
2023,9,BUF,3.0,2.0,1.0,4.0,3.0,1.0
2023,9,CAR,2.0,1.0,1.0,2.0,1.0,1.0
2023,9,CHI,4.0,2.0,1.0,5.0,3.0,0.0
2023,9,CIN,4.0,3.0,1.0,3.0,2.0,1.0
2023,9,CLE,4.0,3.0,1.0,0.0,0.0,0.0
2023,9,DAL,5.0,3.0,0.0,4.0,4.0,0.0
2023,9,GB,5.0,2.0,2.0,0.0,0.0,0.0
2023,9,HOU,6.0,5.0,1.0,5.0,4.0,1.0
2023,9,IND,2.0,1.0,1.0,2.0,1.0,1.0
2023,9,KC,2.0,2.0,0.0,2.0,2.0,0.0
2023,9,LA,0.0,0.0,0.0,5.0,2.0,2.0
2023,9,LAC,3.0,2.0,1.0,2.0,0.0,1.0
2023,9,LV,4.0,3.0,1.0,1.0,1.0,0.0
2023,9,MIA,2.0,2.0,0.0,2.0,2.0,0.0
2023,9,MIN,6.0,3.0,3.0,4.0,2.0,2.0
2023,9,NE,2.0,2.0,0.0,5.0,2.0,2.0
2023,9,NO,5.0,3.0,0.0,4.0,2.0,1.0
2023,9,NYG,1.0,1.0,0.0,4.0,3.0,1.0
2023,9,NYJ,2.0,0.0,1.0,3.0,2.0,1.0
2023,9,PHI,4.0,4.0,0.0,5.0,3.0,0.0
2023,9,PIT,4.0,2.0,2.0,5.0,1.0,2.0
2023,9,SEA,1.0,0.0,1.0,7.0,4.0,2.0
2023,9,TB,5.0,4.0,1.0,6.0,5.0,1.0
2023,9,TEN,5.0,1.0,2.0,4.0,2.0,2.0
2023,9,WAS,5.0,2.0,2.0,2.0,2.0,0.0
2023,10,ARI,4.0,2.0,2.0,4.0,3.0,1.0
2023,10,ATL,4.0,3.0,1.0,4.0,2.0,2.0
2023,10,BAL,4.0,3.0,1.0,5.0,2.0,3.0
2023,10,BUF,3.0,3.0,0.0,3.0,2.0,1.0
2023,10,CAR,2.0,0.0,2.0,2.0,1.0,1.0
2023,10,CHI,2.0,1.0,1.0,2.0,0.0,2.0
2023,10,CIN,5.0,3.0,1.0,6.0,3.0,2.0
2023,10,CLE,5.0,2.0,3.0,4.0,3.0,1.0
2023,10,DAL,8.0,7.0,0.0,4.0,2.0,1.0
2023,10,DEN,3.0,2.0,1.0,3.0,3.0,0.0
2023,10,DET,8.0,5.0,2.0,5.0,5.0,0.0
2023,10,GB,6.0,2.0,2.0,3.0,2.0,1.0
2023,10,HOU,6.0,3.0,2.0,5.0,3.0,1.0
2023,10,IND,1.0,1.0,0.0,4.0,0.0,2.0
2023,10,JAX,2.0,0.0,1.0,7.0,4.0,2.0
2023,10,LAC,5.0,5.0,0.0,8.0,5.0,2.0
2023,10,LV,1.0,1.0,0.0,2.0,0.0,1.0
2023,10,MIN,4.0,3.0,1.0,2.0,2.0,0.0
2023,10,NE,4.0,0.0,2.0,1.0,1.0,0.0
2023,10,NO,2.0,2.0,0.0,4.0,3.0,1.0
2023,10,NYG,4.0,2.0,1.0,8.0,7.0,0.0
2023,10,NYJ,2.0,0.0,1.0,1.0,1.0,0.0
2023,10,PIT,3.0,2.0,1.0,6.0,2.0,2.0
2023,10,SEA,3.0,2.0,1.0,3.0,3.0,0.0
2023,10,SF,7.0,4.0,2.0,2.0,0.0,1.0
2023,10,TB,4.0,2.0,2.0,2.0,0.0,2.0
2023,10,TEN,2.0,0.0,2.0,4.0,2.0,2.0
2023,10,WAS,3.0,3.0,0.0,3.0,2.0,1.0
2023,11,ARI,2.0,2.0,0.0,6.0,3.0,0.0
2023,11,BAL,5.0,4.0,1.0,3.0,2.0,1.0
2023,11,BUF,6.0,3.0,3.0,1.0,1.0,0.0
2023,11,CAR,2.0,1.0,1.0,5.0,3.0,2.0
2023,11,CHI,3.0,2.0,1.0,5.0,4.0,0.0
2023,11,CIN,3.0,2.0,1.0,5.0,4.0,1.0
2023,11,CLE,3.0,1.0,2.0,2.0,1.0,1.0
2023,11,DAL,5.0,3.0,2.0,2.0,1.0,1.0
2023,11,DEN,5.0,1.0,4.0,4.0,2.0,2.0
2023,11,DET,5.0,4.0,0.0,3.0,2.0,1.0
2023,11,GB,4.0,3.0,1.0,5.0,2.0,2.0
2023,11,HOU,6.0,3.0,0.0,2.0,2.0,0.0
2023,11,JAX,6.0,4.0,2.0,2.0,2.0,0.0
2023,11,KC,4.0,2.0,0.0,3.0,3.0,0.0
2023,11,LA,4.0,2.0,1.0,2.0,1.0,1.0
2023,11,LAC,5.0,2.0,2.0,4.0,3.0,1.0
2023,11,LV,2.0,1.0,1.0,3.0,2.0,0.0
2023,11,MIA,3.0,2.0,0.0,2.0,1.0,1.0
2023,11,MIN,4.0,2.0,2.0,5.0,1.0,4.0
2023,11,NYG,4.0,3.0,1.0,3.0,2.0,1.0
2023,11,NYJ,1.0,1.0,0.0,6.0,3.0,3.0
2023,11,PHI,3.0,3.0,0.0,4.0,2.0,0.0
2023,11,PIT,2.0,1.0,1.0,3.0,1.0,2.0
2023,11,SEA,2.0,1.0,1.0,4.0,2.0,1.0
2023,11,SF,5.0,3.0,2.0,4.0,2.0,0.0
2023,11,TB,4.0,2.0,0.0,5.0,3.0,2.0
2023,11,TEN,2.0,2.0,0.0,6.0,4.0,2.0
2023,11,WAS,3.0,2.0,1.0,4.0,3.0,1.0
2023,12,ARI,2.0,2.0,0.0,6.0,5.0,1.0
2023,12,ATL,3.0,2.0,0.0,5.0,1.0,3.0
2023,12,BAL,3.0,2.0,1.0,3.0,1.0,1.0
2023,12,BUF,5.0,4.0,0.0,5.0,5.0,0.0
2023,12,CAR,1.0,1.0,0.0,2.0,2.0,0.0
2023,12,CHI,2.0,0.0,2.0,2.0,1.0,1.0
2023,12,CIN,2.0,1.0,0.0,4.0,1.0,2.0
2023,12,CLE,3.0,1.0,2.0,6.0,3.0,2.0
2023,12,DAL,5.0,5.0,0.0,2.0,1.0,1.0
2023,12,DEN,6.0,3.0,2.0,3.0,1.0,2.0
2023,12,DET,4.0,3.0,0.0,4.0,3.0,0.0
2023,12,GB,4.0,3.0,0.0,4.0,3.0,0.0
2023,12,HOU,3.0,3.0,0.0,3.0,2.0,0.0
2023,12,IND,5.0,3.0,2.0,4.0,2.0,2.0
2023,12,JAX,3.0,2.0,0.0,3.0,3.0,0.0
2023,12,KC,5.0,4.0,1.0,5.0,2.0,1.0
2023,12,LA,6.0,5.0,1.0,2.0,2.0,0.0
2023,12,LAC,3.0,1.0,1.0,3.0,2.0,1.0
2023,12,LV,5.0,2.0,1.0,5.0,4.0,1.0
2023,12,MIA,5.0,3.0,1.0,2.0,1.0,0.0
2023,12,MIN,2.0,1.0,1.0,2.0,0.0,2.0
2023,12,NE,2.0,1.0,0.0,2.0,1.0,1.0
2023,12,NO,5.0,1.0,3.0,3.0,2.0,0.0
2023,12,NYG,2.0,1.0,1.0,2.0,1.0,0.0
2023,12,NYJ,2.0,1.0,0.0,5.0,3.0,1.0
2023,12,PHI,5.0,5.0,0.0,5.0,4.0,0.0
2023,12,PIT,4.0,1.0,2.0,2.0,1.0,0.0
2023,12,SEA,1.0,0.0,1.0,5.0,4.0,1.0
2023,12,SF,5.0,4.0,1.0,1.0,0.0,1.0
2023,12,TB,4.0,2.0,2.0,5.0,3.0,2.0
2023,12,TEN,2.0,2.0,0.0,1.0,1.0,0.0
2023,12,WAS,2.0,1.0,1.0,5.0,5.0,0.0
2023,13,ARI,4.0,3.0,0.0,3.0,1.0,1.0
2023,13,ATL,2.0,1.0,1.0,2.0,0.0,1.0
2023,13,CAR,3.0,2.0,1.0,4.0,3.0,0.0
2023,13,CIN,4.0,4.0,0.0,5.0,4.0,1.0
2023,13,CLE,3.0,2.0,1.0,6.0,4.0,1.0
2023,13,DAL,8.0,4.0,4.0,6.0,5.0,0.0
2023,13,DEN,4.0,2.0,1.0,5.0,2.0,3.0
2023,13,DET,6.0,4.0,2.0,4.0,4.0,0.0
2023,13,GB,5.0,3.0,2.0,4.0,2.0,2.0
2023,13,HOU,5.0,2.0,3.0,4.0,2.0,1.0
2023,13,IND,6.0,2.0,3.0,4.0,3.0,1.0
2023,13,JAX,5.0,4.0,1.0,4.0,4.0,0.0
2023,13,KC,4.0,2.0,2.0,5.0,3.0,2.0
2023,13,LA,6.0,4.0,1.0,3.0,2.0,1.0
2023,13,LAC,3.0,0.0,2.0,0.0,0.0,0.0
2023,13,MIA,5.0,5.0,0.0,2.0,2.0,0.0
2023,13,NE,0.0,0.0,0.0,3.0,0.0,2.0
2023,13,NO,4.0,4.0,0.0,6.0,4.0,2.0
2023,13,NYJ,2.0,0.0,1.0,2.0,1.0,1.0
2023,13,PHI,4.0,2.0,2.0,6.0,6.0,0.0
2023,13,PIT,3.0,1.0,1.0,4.0,3.0,0.0
2023,13,SEA,6.0,5.0,0.0,8.0,4.0,4.0
2023,13,SF,6.0,6.0,0.0,4.0,2.0,2.0
2023,13,TB,4.0,3.0,0.0,3.0,2.0,1.0
2023,13,TEN,4.0,3.0,1.0,6.0,2.0,3.0
2023,13,WAS,2.0,2.0,0.0,5.0,5.0,0.0
2023,14,ATL,4.0,3.0,1.0,5.0,3.0,1.0
2023,14,BAL,5.0,3.0,2.0,6.0,3.0,2.0
2023,14,BUF,3.0,2.0,1.0,3.0,2.0,1.0
2023,14,CAR,2.0,0.0,1.0,4.0,3.0,0.0
2023,14,CHI,6.0,3.0,3.0,2.0,2.0,0.0
2023,14,CIN,6.0,4.0,2.0,3.0,1.0,0.0
2023,14,CLE,4.0,4.0,0.0,4.0,4.0,0.0
2023,14,DAL,3.0,3.0,0.0,1.0,0.0,1.0
2023,14,DEN,5.0,3.0,1.0,2.0,1.0,0.0
2023,14,DET,2.0,2.0,0.0,6.0,3.0,3.0
2023,14,GB,5.0,2.0,2.0,4.0,3.0,1.0
2023,14,HOU,1.0,1.0,0.0,3.0,3.0,0.0
2023,14,IND,3.0,1.0,0.0,6.0,4.0,2.0
2023,14,JAX,4.0,4.0,0.0,4.0,4.0,0.0
2023,14,KC,3.0,2.0,1.0,3.0,2.0,1.0
2023,14,LA,6.0,3.0,2.0,5.0,3.0,2.0
2023,14,LAC,2.0,1.0,0.0,5.0,3.0,1.0
2023,14,LV,1.0,0.0,0.0,1.0,0.0,1.0
2023,14,MIA,5.0,2.0,2.0,6.0,3.0,2.0
2023,14,MIN,1.0,0.0,1.0,1.0,0.0,0.0
2023,14,NE,3.0,3.0,0.0,3.0,2.0,0.0
2023,14,NO,4.0,3.0,0.0,2.0,0.0,1.0
2023,14,NYG,4.0,3.0,1.0,5.0,2.0,2.0
2023,14,NYJ,3.0,3.0,0.0,1.0,1.0,0.0
2023,14,PHI,1.0,0.0,1.0,3.0,3.0,0.0
2023,14,PIT,3.0,2.0,0.0,3.0,3.0,0.0
2023,14,SEA,3.0,2.0,1.0,4.0,4.0,0.0
2023,14,SF,4.0,4.0,0.0,3.0,2.0,1.0
2023,14,TB,5.0,3.0,1.0,4.0,3.0,1.0
2023,14,TEN,6.0,3.0,2.0,5.0,2.0,2.0
2023,15,ARI,4.0,3.0,1.0,5.0,5.0,0.0
2023,15,ATL,2.0,1.0,0.0,3.0,0.0,3.0
2023,15,BAL,5.0,2.0,3.0,4.0,1.0,0.0
2023,15,BUF,5.0,4.0,1.0,2.0,1.0,1.0
2023,15,CAR,3.0,0.0,3.0,2.0,1.0,0.0
2023,15,CHI,1.0,1.0,0.0,5.0,2.0,2.0
2023,15,CIN,5.0,3.0,2.0,6.0,3.0,1.0
2023,15,CLE,5.0,2.0,2.0,1.0,1.0,0.0
2023,15,DAL,2.0,1.0,1.0,5.0,4.0,1.0
2023,15,DEN,4.0,2.0,1.0,6.0,6.0,0.0
2023,15,DET,6.0,6.0,0.0,4.0,2.0,1.0
2023,15,GB,5.0,2.0,2.0,6.0,4.0,1.0
2023,15,HOU,3.0,1.0,2.0,2.0,1.0,1.0
2023,15,IND,6.0,3.0,2.0,2.0,2.0,0.0
2023,15,JAX,4.0,1.0,0.0,5.0,2.0,3.0
2023,15,KC,6.0,3.0,1.0,4.0,2.0,1.0
2023,15,LA,5.0,3.0,2.0,4.0,3.0,0.0
2023,15,LAC,3.0,3.0,0.0,7.0,7.0,0.0
2023,15,LV,7.0,7.0,0.0,3.0,3.0,0.0
2023,15,MIA,6.0,3.0,3.0,0.0,0.0,0.0
2023,15,MIN,6.0,3.0,1.0,5.0,3.0,2.0
2023,15,NE,4.0,2.0,1.0,6.0,3.0,1.0
2023,15,NO,3.0,3.0,0.0,0.0,0.0,0.0
2023,15,NYG,0.0,0.0,0.0,3.0,3.0,0.0
2023,15,NYJ,0.0,0.0,0.0,6.0,3.0,3.0
2023,15,PHI,3.0,2.0,1.0,4.0,2.0,2.0
2023,15,PIT,2.0,2.0,0.0,6.0,3.0,2.0
2023,15,SEA,4.0,2.0,2.0,3.0,2.0,1.0
2023,15,SF,5.0,5.0,0.0,4.0,3.0,1.0
2023,15,TB,6.0,4.0,1.0,5.0,2.0,2.0
2023,15,TEN,2.0,1.0,1.0,3.0,1.0,2.0
2023,15,WAS,4.0,3.0,0.0,5.0,3.0,2.0
2023,16,ARI,2.0,2.0,0.0,5.0,3.0,1.0
2023,16,ATL,5.0,2.0,3.0,2.0,1.0,1.0
2023,16,BAL,7.0,3.0,4.0,5.0,2.0,1.0
2023,16,BUF,4.0,3.0,1.0,3.0,1.0,2.0
2023,16,CAR,4.0,4.0,0.0,5.0,4.0,1.0
2023,16,CHI,5.0,3.0,1.0,2.0,2.0,0.0
2023,16,CIN,4.0,1.0,1.0,5.0,4.0,1.0
2023,16,CLE,8.0,6.0,0.0,2.0,2.0,0.0
2023,16,DAL,4.0,2.0,1.0,4.0,1.0,2.0
2023,16,DEN,4.0,3.0,0.0,3.0,2.0,1.0
2023,16,DET,5.0,4.0,1.0,4.0,3.0,1.0
2023,16,GB,5.0,4.0,1.0,4.0,4.0,0.0
2023,16,HOU,2.0,2.0,0.0,8.0,6.0,0.0
2023,16,IND,2.0,1.0,1.0,5.0,2.0,3.0
2023,16,JAX,3.0,2.0,0.0,6.0,3.0,2.0
2023,16,KC,4.0,2.0,0.0,3.0,0.0,2.0
2023,16,LA,6.0,3.0,3.0,3.0,3.0,0.0
2023,16,LAC,3.0,1.0,2.0,4.0,3.0,1.0
2023,16,LV,3.0,0.0,2.0,4.0,2.0,0.0
2023,16,MIA,4.0,1.0,2.0,4.0,2.0,1.0
2023,16,MIN,4.0,3.0,1.0,5.0,4.0,1.0
2023,16,NE,3.0,2.0,1.0,4.0,3.0,0.0
2023,16,NO,3.0,3.0,0.0,6.0,3.0,3.0
2023,16,NYG,2.0,2.0,0.0,6.0,4.0,2.0
2023,16,NYJ,6.0,3.0,2.0,4.0,4.0,0.0
2023,16,PHI,6.0,4.0,2.0,2.0,2.0,0.0
2023,16,PIT,5.0,4.0,1.0,4.0,1.0,1.0
2023,16,SEA,4.0,2.0,2.0,3.0,2.0,1.0
2023,16,SF,5.0,2.0,1.0,7.0,3.0,4.0
2023,16,TB,6.0,3.0,2.0,3.0,2.0,0.0
2023,16,TEN,3.0,2.0,1.0,4.0,2.0,2.0
2023,16,WAS,4.0,4.0,0.0,6.0,3.0,2.0
2023,17,ARI,7.0,5.0,2.0,4.0,3.0,1.0
2023,17,ATL,3.0,2.0,1.0,5.0,4.0,1.0
2023,17,BAL,8.0,8.0,0.0,4.0,2.0,2.0
2023,17,BUF,5.0,2.0,2.0,3.0,3.0,0.0
2023,17,CAR,0.0,0.0,0.0,6.0,2.0,4.0
2023,17,CHI,5.0,4.0,1.0,3.0,2.0,1.0
2023,17,CIN,4.0,2.0,1.0,3.0,1.0,2.0
2023,17,CLE,6.0,4.0,1.0,3.0,1.0,1.0
2023,17,DAL,3.0,2.0,0.0,4.0,2.0,1.0
2023,17,DEN,3.0,1.0,2.0,1.0,0.0,1.0
2023,17,DET,4.0,2.0,1.0,3.0,2.0,0.0
2023,17,GB,6.0,4.0,2.0,3.0,1.0,0.0
2023,17,HOU,4.0,1.0,3.0,1.0,0.0,0.0
2023,17,IND,4.0,2.0,2.0,3.0,2.0,1.0
2023,17,JAX,6.0,2.0,4.0,0.0,0.0,0.0
2023,17,KC,3.0,1.0,2.0,4.0,2.0,1.0
2023,17,LA,4.0,4.0,0.0,4.0,2.0,2.0
2023,17,LAC,1.0,0.0,1.0,3.0,1.0,2.0
2023,17,LV,3.0,2.0,1.0,4.0,2.0,2.0
2023,17,MIA,4.0,2.0,2.0,8.0,8.0,0.0
2023,17,MIN,3.0,1.0,0.0,6.0,4.0,2.0
2023,17,NE,3.0,3.0,0.0,5.0,2.0,2.0
2023,17,NO,4.0,2.0,2.0,2.0,2.0,0.0
2023,17,NYG,4.0,2.0,2.0,4.0,4.0,0.0
2023,17,NYJ,3.0,1.0,1.0,6.0,4.0,1.0
2023,17,PHI,4.0,3.0,1.0,7.0,5.0,2.0
2023,17,PIT,7.0,3.0,3.0,3.0,2.0,1.0
2023,17,SEA,3.0,2.0,1.0,7.0,3.0,3.0
2023,17,SF,6.0,3.0,2.0,2.0,1.0,0.0
2023,17,TB,2.0,2.0,0.0,4.0,2.0,2.0
2023,17,TEN,1.0,0.0,0.0,4.0,1.0,3.0
2023,17,WAS,2.0,1.0,0.0,6.0,3.0,2.0
2023,18,ARI,4.0,2.0,2.0,4.0,2.0,2.0
2023,18,ATL,4.0,2.0,1.0,8.0,6.0,2.0
2023,18,BAL,2.0,1.0,1.0,3.0,2.0,1.0
2023,18,BUF,5.0,2.0,0.0,2.0,2.0,0.0
2023,18,CAR,0.0,0.0,0.0,3.0,0.0,2.0
2023,18,CHI,2.0,0.0,2.0,4.0,2.0,1.0
2023,18,CIN,4.0,4.0,0.0,2.0,2.0,0.0
2023,18,CLE,2.0,2.0,0.0,4.0,4.0,0.0
2023,18,DAL,7.0,5.0,0.0,2.0,1.0,1.0
2023,18,DEN,2.0,2.0,0.0,4.0,3.0,1.0
2023,18,DET,6.0,4.0,1.0,3.0,2.0,1.0
2023,18,GB,4.0,2.0,1.0,2.0,0.0,2.0
2023,18,HOU,3.0,3.0,0.0,5.0,1.0,2.0
2023,18,IND,5.0,1.0,2.0,3.0,3.0,0.0
2023,18,JAX,4.0,2.0,1.0,4.0,4.0,0.0
2023,18,KC,1.0,0.0,1.0,3.0,1.0,2.0
2023,18,LA,3.0,3.0,0.0,4.0,3.0,0.0
2023,18,LAC,3.0,1.0,2.0,1.0,0.0,1.0
2023,18,LV,4.0,3.0,1.0,2.0,2.0,0.0
2023,18,MIA,2.0,2.0,0.0,5.0,2.0,0.0
2023,18,MIN,3.0,2.0,1.0,6.0,4.0,1.0
2023,18,NE,1.0,0.0,1.0,3.0,1.0,2.0
2023,18,NO,8.0,6.0,2.0,4.0,2.0,1.0
2023,18,NYG,6.0,3.0,2.0,2.0,1.0,1.0
2023,18,NYJ,3.0,1.0,2.0,1.0,0.0,1.0
2023,18,PHI,2.0,1.0,1.0,6.0,3.0,2.0
2023,18,PIT,3.0,2.0,1.0,2.0,1.0,1.0
2023,18,SEA,4.0,2.0,2.0,4.0,2.0,2.0
2023,18,SF,4.0,3.0,0.0,3.0,3.0,0.0
2023,18,TB,3.0,0.0,2.0,0.0,0.0,0.0
2023,18,TEN,4.0,4.0,0.0,4.0,2.0,1.0
2023,18,WAS,2.0,1.0,1.0,7.0,5.0,0.0
2023,19,BUF,5.0,4.0,0.0,3.0,2.0,0.0
2023,19,CLE,2.0,2.0,0.0,5.0,4.0,1.0
2023,19,DAL,5.0,4.0,1.0,6.0,6.0,0.0
2023,19,DET,3.0,3.0,0.0,5.0,2.0,3.0
2023,19,GB,6.0,6.0,0.0,5.0,4.0,1.0
2023,19,HOU,5.0,4.0,1.0,2.0,2.0,0.0
2023,19,KC,6.0,2.0,4.0,1.0,1.0,0.0
2023,19,LA,5.0,2.0,3.0,3.0,3.0,0.0
2023,19,MIA,1.0,1.0,0.0,6.0,2.0,4.0
2023,19,PHI,2.0,1.0,0.0,4.0,3.0,1.0
2023,19,PIT,3.0,2.0,0.0,5.0,4.0,0.0
2023,19,TB,4.0,3.0,1.0,2.0,1.0,0.0
2023,20,BAL,5.0,4.0,1.0,0.0,0.0,0.0
2023,20,BUF,4.0,3.0,1.0,5.0,3.0,1.0
2023,20,DET,5.0,4.0,1.0,3.0,3.0,0.0
2023,20,GB,5.0,2.0,2.0,3.0,3.0,0.0
2023,20,HOU,0.0,0.0,0.0,5.0,4.0,1.0
2023,20,KC,5.0,3.0,1.0,4.0,3.0,1.0
2023,20,SF,3.0,3.0,0.0,5.0,2.0,2.0
2023,20,TB,3.0,3.0,0.0,5.0,4.0,1.0
2023,21,BAL,2.0,1.0,0.0,3.0,2.0,0.0
2023,21,DET,5.0,4.0,1.0,5.0,4.0,1.0
2023,21,KC,3.0,2.0,0.0,2.0,1.0,0.0
2023,21,SF,5.0,4.0,1.0,5.0,4.0,1.0
2023,22,KC,6.0,2.0,3.0,3.0,2.0,1.0
2023,22,SF,3.0,2.0,1.0,6.0,2.0,3.0
2024,1,ARI,5.0,3.0,2.0,7.0,4.0,2.0
2024,1,ATL,2.0,1.0,1.0,2.0,0.0,1.0
2024,1,BAL,5.0,2.0,2.0,5.0,3.0,2.0
2024,1,BUF,7.0,4.0,2.0,5.0,3.0,2.0
2024,1,CAR,2.0,1.0,0.0,6.0,5.0,1.0
2024,1,CHI,2.0,0.0,2.0,2.0,2.0,0.0
2024,1,CIN,2.0,1.0,0.0,4.0,1.0,3.0
2024,1,CLE,2.0,2.0,0.0,3.0,2.0,1.0
2024,1,DAL,3.0,2.0,1.0,2.0,2.0,0.0
2024,1,DEN,6.0,1.0,2.0,4.0,3.0,1.0
2024,1,DET,5.0,3.0,2.0,5.0,2.0,2.0
2024,1,GB,6.0,3.0,3.0,7.0,4.0,2.0
2024,1,HOU,3.0,3.0,0.0,5.0,4.0,0.0
2024,1,IND,5.0,4.0,0.0,3.0,3.0,0.0
2024,1,JAX,3.0,2.0,0.0,3.0,2.0,1.0
2024,1,KC,5.0,3.0,2.0,5.0,2.0,2.0
2024,1,LA,5.0,2.0,2.0,5.0,3.0,2.0
2024,1,LAC,4.0,2.0,2.0,2.0,1.0,1.0
2024,1,LV,2.0,1.0,1.0,4.0,2.0,2.0
2024,1,MIA,3.0,2.0,1.0,3.0,2.0,0.0
2024,1,MIN,3.0,3.0,0.0,3.0,0.0,1.0
2024,1,NE,4.0,1.0,3.0,2.0,1.0,0.0
2024,1,NO,6.0,5.0,1.0,2.0,1.0,0.0
2024,1,NYG,3.0,0.0,1.0,3.0,3.0,0.0
2024,1,NYJ,3.0,3.0,0.0,5.0,2.0,3.0
2024,1,PHI,7.0,4.0,2.0,6.0,3.0,3.0
2024,1,PIT,2.0,0.0,1.0,2.0,1.0,1.0
2024,1,SEA,4.0,3.0,1.0,6.0,1.0,2.0
2024,1,SF,5.0,2.0,3.0,3.0,3.0,0.0
2024,1,TB,6.0,4.0,2.0,3.0,3.0,0.0
2024,1,TEN,2.0,2.0,0.0,2.0,0.0,2.0
2024,1,WAS,3.0,3.0,0.0,6.0,4.0,2.0
2024,2,ARI,6.0,5.0,0.0,3.0,1.0,1.0
2024,2,ATL,4.0,2.0,2.0,5.0,2.0,2.0
2024,2,BAL,3.0,2.0,1.0,4.0,2.0,2.0
2024,2,BUF,3.0,3.0,0.0,4.0,1.0,1.0
2024,2,CAR,1.0,0.0,1.0,4.0,3.0,0.0
2024,2,CHI,1.0,1.0,0.0,2.0,1.0,0.0
2024,2,CIN,4.0,2.0,2.0,3.0,2.0,1.0
2024,2,CLE,3.0,1.0,1.0,4.0,1.0,2.0
2024,2,DAL,4.0,1.0,2.0,7.0,6.0,1.0
2024,2,DEN,3.0,0.0,2.0,2.0,1.0,1.0
2024,2,DET,7.0,1.0,3.0,3.0,2.0,1.0
2024,2,GB,3.0,1.0,1.0,2.0,1.0,1.0
2024,2,HOU,2.0,1.0,0.0,1.0,1.0,0.0
2024,2,IND,2.0,1.0,1.0,3.0,1.0,1.0
2024,2,JAX,4.0,1.0,2.0,3.0,1.0,1.0
2024,2,KC,3.0,2.0,1.0,4.0,2.0,2.0
2024,2,LA,3.0,1.0,1.0,6.0,5.0,0.0
2024,2,LAC,4.0,3.0,0.0,1.0,0.0,1.0
2024,2,LV,4.0,2.0,2.0,3.0,2.0,1.0
2024,2,MIA,4.0,1.0,1.0,3.0,3.0,0.0
2024,2,MIN,5.0,2.0,2.0,4.0,2.0,1.0
2024,2,NE,4.0,2.0,2.0,4.0,2.0,2.0
2024,2,NO,7.0,6.0,1.0,4.0,1.0,2.0
2024,2,NYG,3.0,3.0,0.0,7.0,0.0,7.0
2024,2,NYJ,4.0,3.0,1.0,5.0,2.0,1.0
2024,2,PHI,5.0,2.0,2.0,4.0,2.0,2.0
2024,2,PIT,2.0,1.0,1.0,3.0,0.0,2.0
2024,2,SEA,4.0,2.0,2.0,4.0,2.0,2.0
2024,2,SF,4.0,2.0,1.0,5.0,2.0,2.0
2024,2,TB,3.0,2.0,1.0,7.0,1.0,3.0
2024,2,TEN,5.0,2.0,1.0,4.0,3.0,1.0
2024,2,WAS,7.0,0.0,7.0,3.0,3.0,0.0
2024,3,ARI,1.0,1.0,0.0,3.0,3.0,0.0
2024,3,ATL,4.0,2.0,0.0,4.0,2.0,1.0
2024,3,BAL,5.0,5.0,0.0,3.0,2.0,0.0
2024,3,BUF,7.0,6.0,1.0,4.0,1.0,1.0
2024,3,CAR,6.0,4.0,2.0,3.0,3.0,0.0
2024,3,CHI,3.0,2.0,0.0,4.0,3.0,0.0
2024,3,CIN,6.0,4.0,2.0,5.0,5.0,0.0
2024,3,CLE,2.0,2.0,0.0,4.0,3.0,0.0
2024,3,DAL,3.0,2.0,0.0,5.0,5.0,0.0
2024,3,DEN,5.0,2.0,3.0,2.0,1.0,0.0
2024,3,DET,3.0,3.0,0.0,1.0,1.0,0.0
2024,3,GB,4.0,2.0,2.0,2.0,2.0,0.0
2024,3,HOU,2.0,1.0,0.0,5.0,4.0,1.0
2024,3,IND,4.0,3.0,0.0,3.0,2.0,0.0
2024,3,JAX,4.0,1.0,1.0,7.0,6.0,1.0
2024,3,KC,4.0,2.0,1.0,4.0,2.0,0.0
2024,3,LA,5.0,3.0,2.0,4.0,3.0,1.0
2024,3,LAC,2.0,1.0,1.0,5.0,2.0,2.0
2024,3,LV,3.0,3.0,0.0,6.0,4.0,2.0
2024,3,MIA,2.0,0.0,1.0,3.0,3.0,0.0
2024,3,MIN,5.0,4.0,1.0,2.0,1.0,0.0
2024,3,NE,1.0,0.0,0.0,4.0,3.0,1.0
2024,3,NO,4.0,1.0,2.0,4.0,2.0,0.0
2024,3,NYG,4.0,3.0,0.0,2.0,2.0,0.0
2024,3,NYJ,4.0,3.0,1.0,1.0,0.0,0.0
2024,3,PHI,4.0,2.0,0.0,4.0,1.0,2.0
2024,3,PIT,5.0,2.0,2.0,2.0,1.0,1.0
2024,3,SEA,3.0,3.0,0.0,2.0,0.0,1.0
2024,3,SF,4.0,3.0,1.0,5.0,3.0,2.0
2024,3,TB,2.0,1.0,0.0,5.0,2.0,3.0
2024,3,TEN,2.0,2.0,0.0,4.0,2.0,2.0
2024,3,WAS,5.0,5.0,0.0,6.0,4.0,2.0
2024,4,ARI,2.0,2.0,0.0,6.0,5.0,1.0
2024,4,ATL,1.0,0.0,1.0,4.0,3.0,0.0
2024,4,BAL,5.0,5.0,0.0,2.0,1.0,0.0
2024,4,BUF,2.0,1.0,0.0,5.0,5.0,0.0
2024,4,CAR,4.0,3.0,0.0,4.0,4.0,0.0
2024,4,CHI,5.0,3.0,1.0,4.0,1.0,2.0
2024,4,CIN,4.0,4.0,0.0,4.0,3.0,0.0
2024,4,CLE,2.0,1.0,0.0,3.0,2.0,1.0
2024,4,DAL,1.0,1.0,0.0,3.0,0.0,3.0
2024,4,DEN,1.0,1.0,0.0,2.0,0.0,2.0
2024,4,DET,5.0,5.0,0.0,6.0,4.0,0.0
2024,4,GB,5.0,4.0,0.0,7.0,4.0,1.0
2024,4,HOU,4.0,3.0,1.0,3.0,2.0,0.0
2024,4,IND,5.0,3.0,2.0,4.0,3.0,0.0
2024,4,JAX,3.0,2.0,0.0,4.0,3.0,1.0
2024,4,KC,3.0,2.0,1.0,3.0,1.0,1.0
2024,4,LA,4.0,1.0,2.0,5.0,3.0,1.0
2024,4,LAC,3.0,1.0,1.0,3.0,2.0,1.0
2024,4,LV,3.0,2.0,1.0,2.0,1.0,0.0
2024,4,MIA,1.0,1.0,0.0,3.0,2.0,1.0
2024,4,MIN,7.0,4.0,1.0,5.0,4.0,0.0
2024,4,NE,3.0,1.0,0.0,4.0,2.0,2.0
2024,4,NO,4.0,3.0,0.0,1.0,0.0,1.0
2024,4,NYG,3.0,0.0,3.0,1.0,1.0,0.0
2024,4,NYJ,2.0,0.0,2.0,1.0,1.0,0.0
2024,4,PHI,3.0,2.0,0.0,6.0,4.0,1.0
2024,4,PIT,4.0,3.0,0.0,5.0,3.0,2.0
2024,4,SEA,6.0,4.0,0.0,5.0,5.0,0.0
2024,4,SF,4.0,2.0,2.0,3.0,1.0,0.0
2024,4,TB,6.0,4.0,1.0,3.0,2.0,0.0
2024,4,TEN,3.0,2.0,1.0,1.0,1.0,0.0
2024,4,WAS,6.0,5.0,1.0,2.0,2.0,0.0
2024,5,ARI,5.0,2.0,3.0,6.0,1.0,3.0
2024,5,ATL,5.0,3.0,1.0,4.0,3.0,1.0
2024,5,BAL,6.0,5.0,1.0,6.0,5.0,0.0
2024,5,BUF,4.0,2.0,2.0,3.0,2.0,0.0
2024,5,CAR,3.0,1.0,1.0,6.0,5.0,1.0
2024,5,CHI,6.0,5.0,1.0,3.0,1.0,1.0
2024,5,CIN,6.0,5.0,0.0,6.0,5.0,1.0
2024,5,CLE,2.0,1.0,1.0,7.0,4.0,2.0
2024,5,DAL,6.0,2.0,1.0,2.0,2.0,0.0
2024,5,DEN,4.0,3.0,0.0,3.0,3.0,0.0
2024,5,GB,4.0,3.0,1.0,3.0,2.0,0.0
2024,5,HOU,3.0,2.0,0.0,4.0,2.0,2.0
2024,5,IND,6.0,4.0,2.0,6.0,4.0,2.0
2024,5,JAX,6.0,4.0,2.0,6.0,4.0,2.0
2024,5,KC,7.0,2.0,4.0,2.0,2.0,0.0
2024,5,LA,3.0,2.0,0.0,4.0,3.0,1.0
2024,5,LV,3.0,3.0,0.0,4.0,3.0,0.0
2024,5,MIA,3.0,1.0,1.0,4.0,1.0,1.0
2024,5,MIN,1.0,1.0,0.0,3.0,2.0,1.0
2024,5,NE,4.0,1.0,1.0,3.0,1.0,1.0
2024,5,NO,2.0,2.0,0.0,7.0,2.0,4.0
2024,5,NYG,6.0,3.0,3.0,1.0,1.0,0.0
2024,5,NYJ,3.0,2.0,1.0,1.0,1.0,0.0
2024,5,PIT,2.0,2.0,0.0,6.0,2.0,1.0
2024,5,SEA,1.0,1.0,0.0,6.0,3.0,3.0
2024,5,SF,6.0,1.0,3.0,5.0,2.0,3.0
2024,5,TB,4.0,3.0,1.0,5.0,3.0,1.0
2024,5,WAS,7.0,4.0,2.0,2.0,1.0,1.0
2024,6,ARI,3.0,1.0,1.0,6.0,4.0,1.0
2024,6,ATL,8.0,4.0,3.0,4.0,2.0,2.0
2024,6,BAL,5.0,3.0,1.0,3.0,2.0,1.0
2024,6,BUF,4.0,3.0,1.0,5.0,2.0,2.0
2024,6,CAR,4.0,2.0,2.0,8.0,4.0,3.0
2024,6,CHI,5.0,5.0,0.0,3.0,2.0,1.0
2024,6,CIN,3.0,2.0,1.0,2.0,1.0,0.0
2024,6,CLE,2.0,0.0,2.0,3.0,2.0,0.0
2024,6,DAL,3.0,0.0,1.0,7.0,5.0,2.0
2024,6,DEN,2.0,2.0,0.0,4.0,2.0,2.0
2024,6,DET,7.0,5.0,2.0,3.0,0.0,1.0
2024,6,GB,6.0,4.0,1.0,3.0,1.0,1.0
2024,6,HOU,5.0,5.0,0.0,4.0,3.0,0.0
2024,6,IND,4.0,2.0,2.0,2.0,2.0,0.0
2024,6,JAX,3.0,2.0,1.0,5.0,5.0,0.0
2024,6,LAC,4.0,2.0,2.0,2.0,2.0,0.0
2024,6,LV,3.0,2.0,0.0,5.0,3.0,2.0
2024,6,NE,4.0,3.0,0.0,5.0,5.0,0.0
2024,6,NO,4.0,2.0,1.0,7.0,6.0,1.0
2024,6,NYG,2.0,1.0,0.0,3.0,2.0,1.0
2024,6,NYJ,5.0,2.0,2.0,4.0,3.0,1.0
2024,6,PHI,3.0,2.0,0.0,2.0,0.0,2.0
2024,6,PIT,5.0,3.0,2.0,3.0,2.0,0.0
2024,6,SEA,4.0,3.0,1.0,6.0,4.0,2.0
2024,6,SF,6.0,4.0,2.0,4.0,3.0,1.0
2024,6,TB,7.0,6.0,1.0,4.0,2.0,1.0
2024,6,TEN,2.0,2.0,0.0,4.0,2.0,2.0
2024,6,WAS,3.0,2.0,1.0,5.0,3.0,1.0
2024,7,ARI,3.0,2.0,1.0,1.0,0.0,1.0
2024,7,ATL,2.0,2.0,0.0,4.0,3.0,1.0
2024,7,BAL,7.0,6.0,1.0,5.0,3.0,1.0
2024,7,BUF,6.0,4.0,2.0,3.0,1.0,1.0
2024,7,CAR,1.0,1.0,0.0,6.0,3.0,3.0
2024,7,CIN,3.0,3.0,0.0,2.0,2.0,0.0
2024,7,CLE,2.0,2.0,0.0,3.0,3.0,0.0
2024,7,DEN,4.0,2.0,2.0,2.0,1.0,1.0
2024,7,DET,4.0,4.0,0.0,2.0,2.0,0.0
2024,7,GB,3.0,3.0,0.0,4.0,2.0,2.0
2024,7,HOU,4.0,2.0,2.0,3.0,3.0,0.0
2024,7,IND,4.0,1.0,2.0,3.0,1.0,1.0
2024,7,JAX,5.0,3.0,1.0,2.0,2.0,0.0
2024,7,KC,5.0,4.0,0.0,4.0,2.0,1.0
2024,7,LA,3.0,2.0,0.0,4.0,0.0,4.0
2024,7,LAC,1.0,0.0,1.0,3.0,2.0,1.0
2024,7,LV,4.0,0.0,4.0,3.0,2.0,0.0
2024,7,MIA,3.0,1.0,1.0,4.0,1.0,2.0
2024,7,MIN,2.0,2.0,0.0,4.0,4.0,0.0
2024,7,NE,2.0,2.0,0.0,5.0,3.0,1.0
2024,7,NO,2.0,1.0,1.0,4.0,2.0,2.0
2024,7,NYG,1.0,0.0,1.0,4.0,4.0,0.0
2024,7,NYJ,3.0,2.0,0.0,6.0,4.0,2.0
2024,7,PHI,4.0,4.0,0.0,1.0,0.0,1.0
2024,7,PIT,6.0,4.0,2.0,3.0,2.0,0.0
2024,7,SEA,4.0,3.0,1.0,2.0,2.0,0.0
2024,7,SF,4.0,2.0,1.0,5.0,4.0,0.0
2024,7,TB,5.0,3.0,1.0,7.0,6.0,1.0
2024,7,TEN,3.0,1.0,1.0,6.0,4.0,2.0
2024,7,WAS,6.0,3.0,3.0,1.0,1.0,0.0
2024,8,ARI,4.0,3.0,1.0,4.0,3.0,1.0
2024,8,ATL,4.0,4.0,0.0,3.0,3.0,0.0
2024,8,BAL,5.0,3.0,1.0,5.0,3.0,2.0
2024,8,BUF,6.0,4.0,1.0,3.0,1.0,1.0
2024,8,CAR,3.0,2.0,0.0,5.0,4.0,0.0
2024,8,CHI,3.0,2.0,0.0,3.0,0.0,3.0
2024,8,CIN,3.0,2.0,1.0,6.0,4.0,2.0
2024,8,CLE,5.0,3.0,2.0,5.0,3.0,1.0
2024,8,DAL,4.0,3.0,1.0,4.0,3.0,0.0
2024,8,DEN,5.0,4.0,0.0,3.0,2.0,0.0
2024,8,DET,6.0,6.0,0.0,4.0,2.0,0.0
2024,8,GB,7.0,3.0,3.0,3.0,3.0,0.0
2024,8,HOU,6.0,2.0,3.0,3.0,2.0,1.0
2024,8,IND,3.0,2.0,1.0,6.0,2.0,3.0
2024,8,JAX,3.0,3.0,0.0,7.0,3.0,3.0
2024,8,KC,4.0,3.0,1.0,4.0,2.0,1.0
2024,8,LA,5.0,4.0,0.0,4.0,2.0,2.0
2024,8,LAC,4.0,3.0,1.0,2.0,0.0,0.0
2024,8,LV,4.0,2.0,1.0,4.0,3.0,1.0
2024,8,MIA,4.0,3.0,1.0,4.0,3.0,1.0
2024,8,MIN,4.0,2.0,2.0,5.0,4.0,0.0
2024,8,NE,4.0,3.0,1.0,5.0,3.0,1.0
2024,8,NO,2.0,0.0,0.0,4.0,3.0,1.0
2024,8,NYG,4.0,1.0,2.0,5.0,1.0,4.0
2024,8,NYJ,5.0,3.0,1.0,4.0,3.0,1.0
2024,8,PHI,6.0,4.0,2.0,3.0,2.0,1.0
2024,8,PIT,5.0,1.0,4.0,4.0,1.0,2.0
2024,8,SEA,3.0,1.0,1.0,6.0,4.0,1.0
2024,8,SF,4.0,3.0,0.0,4.0,3.0,1.0
2024,8,TB,3.0,3.0,0.0,4.0,4.0,0.0
2024,8,TEN,4.0,2.0,0.0,6.0,6.0,0.0
2024,8,WAS,3.0,0.0,3.0,3.0,2.0,0.0
2024,9,ARI,5.0,3.0,1.0,1.0,0.0,1.0
2024,9,ATL,4.0,4.0,0.0,3.0,2.0,1.0
2024,9,BAL,7.0,5.0,2.0,4.0,1.0,1.0
2024,9,BUF,6.0,3.0,2.0,5.0,3.0,2.0
2024,9,CAR,3.0,3.0,0.0,4.0,2.0,2.0
2024,9,CHI,1.0,0.0,1.0,5.0,3.0,1.0
2024,9,CIN,6.0,5.0,1.0,2.0,2.0,0.0
2024,9,CLE,3.0,1.0,1.0,4.0,4.0,0.0
2024,9,DAL,3.0,2.0,1.0,4.0,4.0,0.0
2024,9,DEN,4.0,1.0,1.0,7.0,5.0,2.0
2024,9,DET,4.0,2.0,1.0,4.0,1.0,2.0
2024,9,GB,4.0,1.0,2.0,4.0,2.0,1.0
2024,9,HOU,4.0,1.0,1.0,4.0,3.0,0.0
2024,9,IND,0.0,0.0,0.0,5.0,3.0,0.0
2024,9,JAX,3.0,2.0,0.0,5.0,4.0,1.0
2024,9,KC,5.0,4.0,1.0,3.0,3.0,0.0
2024,9,LA,3.0,1.0,2.0,6.0,4.0,0.0
2024,9,LAC,4.0,4.0,0.0,3.0,1.0,1.0
2024,9,LV,2.0,2.0,0.0,6.0,5.0,1.0
2024,9,MIA,5.0,3.0,2.0,6.0,3.0,2.0
2024,9,MIN,5.0,3.0,0.0,0.0,0.0,0.0
2024,9,NE,2.0,2.0,0.0,5.0,2.0,2.0
2024,9,NO,4.0,2.0,2.0,3.0,3.0,0.0
2024,9,NYG,4.0,3.0,1.0,6.0,3.0,2.0
2024,9,NYJ,4.0,3.0,0.0,4.0,1.0,1.0
2024,9,PHI,5.0,4.0,1.0,3.0,2.0,0.0
2024,9,SEA,6.0,4.0,0.0,3.0,1.0,2.0
2024,9,TB,3.0,3.0,0.0,5.0,4.0,1.0
2024,9,TEN,5.0,2.0,2.0,2.0,2.0,0.0
2024,9,WAS,6.0,3.0,2.0,4.0,3.0,1.0
2024,10,ARI,5.0,4.0,1.0,3.0,0.0,1.0
2024,10,ATL,4.0,2.0,1.0,5.0,2.0,2.0
2024,10,BAL,5.0,5.0,0.0,5.0,5.0,0.0
2024,10,BUF,4.0,2.0,2.0,5.0,2.0,2.0
2024,10,CAR,3.0,2.0,1.0,4.0,2.0,0.0
2024,10,CHI,1.0,0.0,1.0,5.0,1.0,4.0
2024,10,CIN,5.0,5.0,0.0,5.0,5.0,0.0
2024,10,DAL,2.0,0.0,1.0,7.0,4.0,2.0
2024,10,DEN,3.0,2.0,0.0,4.0,1.0,3.0
2024,10,DET,4.0,3.0,0.0,4.0,2.0,2.0
2024,10,HOU,4.0,2.0,2.0,4.0,3.0,0.0
2024,10,IND,5.0,2.0,2.0,4.0,2.0,2.0
2024,10,JAX,1.0,1.0,0.0,5.0,0.0,3.0
2024,10,KC,4.0,1.0,3.0,3.0,2.0,0.0
2024,10,LA,3.0,0.0,3.0,3.0,2.0,1.0
2024,10,LAC,5.0,3.0,2.0,4.0,2.0,1.0
2024,10,MIA,3.0,2.0,1.0,3.0,0.0,3.0
2024,10,MIN,5.0,0.0,3.0,1.0,1.0,0.0
2024,10,NE,5.0,1.0,4.0,1.0,0.0,1.0
2024,10,NO,5.0,2.0,2.0,4.0,2.0,1.0
2024,10,NYG,4.0,2.0,0.0,3.0,2.0,1.0
2024,10,NYJ,3.0,0.0,1.0,5.0,4.0,1.0
2024,10,PHI,7.0,4.0,2.0,2.0,0.0,1.0
2024,10,PIT,5.0,4.0,0.0,3.0,3.0,0.0
2024,10,SF,4.0,2.0,2.0,4.0,2.0,2.0
2024,10,TB,4.0,2.0,2.0,4.0,2.0,2.0
2024,10,TEN,4.0,2.0,1.0,5.0,3.0,2.0
2024,10,WAS,3.0,3.0,0.0,5.0,4.0,0.0
2024,11,ATL,1.0,0.0,1.0,5.0,5.0,0.0
2024,11,BAL,2.0,2.0,0.0,4.0,0.0,3.0
2024,11,BUF,5.0,4.0,1.0,3.0,3.0,0.0
2024,11,CHI,3.0,2.0,1.0,5.0,3.0,0.0
2024,11,CIN,5.0,3.0,2.0,5.0,4.0,1.0
2024,11,CLE,3.0,2.0,0.0,6.0,5.0,0.0
2024,11,DAL,2.0,1.0,0.0,5.0,3.0,2.0
2024,11,DEN,5.0,5.0,0.0,1.0,0.0,1.0
2024,11,DET,8.0,7.0,0.0,1.0,0.0,1.0
2024,11,GB,5.0,3.0,0.0,3.0,2.0,1.0
2024,11,HOU,5.0,3.0,2.0,2.0,1.0,0.0
2024,11,IND,4.0,3.0,1.0,4.0,3.0,1.0
2024,11,JAX,1.0,0.0,1.0,8.0,7.0,0.0
2024,11,KC,3.0,3.0,0.0,5.0,4.0,1.0
2024,11,LA,5.0,4.0,0.0,5.0,2.0,3.0
2024,11,LAC,5.0,4.0,1.0,5.0,3.0,2.0
2024,11,LV,4.0,2.0,2.0,5.0,4.0,1.0
2024,11,MIA,5.0,4.0,1.0,4.0,2.0,2.0
2024,11,MIN,4.0,3.0,1.0,2.0,1.0,1.0
2024,11,NE,5.0,2.0,3.0,5.0,4.0,0.0
2024,11,NO,6.0,5.0,0.0,3.0,2.0,0.0
2024,11,NYJ,4.0,3.0,1.0,4.0,3.0,1.0
2024,11,PHI,5.0,3.0,2.0,3.0,2.0,1.0
2024,11,PIT,4.0,0.0,3.0,2.0,2.0,0.0
2024,11,SEA,2.0,2.0,0.0,3.0,2.0,1.0
2024,11,SF,3.0,2.0,1.0,2.0,2.0,0.0
2024,11,TEN,2.0,1.0,1.0,4.0,3.0,1.0
2024,11,WAS,3.0,2.0,1.0,5.0,3.0,2.0
2024,12,ARI,2.0,0.0,2.0,2.0,1.0,0.0
2024,12,BAL,4.0,4.0,0.0,2.0,2.0,0.0
2024,12,CAR,6.0,2.0,4.0,6.0,3.0,3.0
2024,12,CHI,3.0,3.0,0.0,7.0,3.0,3.0
2024,12,CLE,4.0,3.0,1.0,3.0,2.0,1.0
2024,12,DAL,5.0,4.0,0.0,3.0,3.0,0.0
2024,12,DEN,4.0,2.0,2.0,5.0,1.0,3.0
2024,12,DET,4.0,3.0,0.0,2.0,0.0,2.0
2024,12,GB,5.0,5.0,0.0,1.0,1.0,0.0
2024,12,HOU,4.0,2.0,1.0,5.0,3.0,1.0
2024,12,IND,2.0,0.0,2.0,4.0,3.0,0.0
2024,12,KC,6.0,3.0,3.0,6.0,2.0,4.0
2024,12,LA,5.0,3.0,0.0,7.0,4.0,3.0
2024,12,LAC,2.0,2.0,0.0,4.0,4.0,0.0
2024,12,LV,5.0,1.0,3.0,4.0,2.0,2.0
2024,12,MIA,5.0,4.0,1.0,2.0,1.0,0.0
2024,12,MIN,7.0,3.0,3.0,3.0,3.0,0.0
2024,12,NE,2.0,1.0,0.0,5.0,4.0,1.0
2024,12,NYG,3.0,1.0,0.0,5.0,4.0,1.0
2024,12,PHI,7.0,4.0,3.0,5.0,3.0,0.0
2024,12,PIT,3.0,2.0,1.0,4.0,3.0,1.0
2024,12,SEA,2.0,1.0,0.0,2.0,0.0,2.0
2024,12,SF,1.0,1.0,0.0,5.0,5.0,0.0
2024,12,TB,5.0,4.0,1.0,3.0,1.0,0.0
2024,12,TEN,5.0,3.0,1.0,4.0,2.0,1.0
2024,12,WAS,3.0,3.0,0.0,5.0,4.0,0.0
2024,13,ARI,6.0,1.0,4.0,4.0,2.0,2.0
2024,13,ATL,4.0,1.0,1.0,2.0,0.0,2.0
2024,13,BAL,5.0,2.0,2.0,4.0,3.0,1.0
2024,13,BUF,5.0,5.0,0.0,3.0,1.0,1.0
2024,13,CAR,5.0,2.0,2.0,6.0,2.0,3.0
2024,13,CHI,3.0,3.0,0.0,5.0,2.0,2.0
2024,13,CIN,5.0,4.0,1.0,6.0,4.0,2.0
2024,13,CLE,5.0,4.0,0.0,5.0,3.0,2.0
2024,13,DAL,4.0,2.0,2.0,2.0,2.0,0.0
2024,13,DEN,5.0,3.0,2.0,5.0,4.0,0.0
2024,13,DET,5.0,2.0,2.0,3.0,3.0,0.0
2024,13,GB,5.0,3.0,2.0,4.0,2.0,1.0
2024,13,HOU,4.0,2.0,2.0,4.0,2.0,2.0
2024,13,IND,4.0,3.0,1.0,6.0,2.0,2.0
2024,13,JAX,4.0,2.0,2.0,4.0,2.0,2.0
2024,13,KC,5.0,1.0,4.0,3.0,2.0,1.0
2024,13,LA,3.0,3.0,0.0,3.0,1.0,0.0
2024,13,LAC,2.0,0.0,2.0,4.0,1.0,1.0
2024,13,LV,3.0,2.0,1.0,5.0,1.0,4.0
2024,13,MIA,4.0,2.0,1.0,5.0,3.0,2.0
2024,13,MIN,4.0,2.0,2.0,6.0,1.0,4.0
2024,13,NE,6.0,2.0,2.0,4.0,3.0,1.0
2024,13,NO,3.0,1.0,0.0,3.0,3.0,0.0
2024,13,NYG,2.0,2.0,0.0,4.0,2.0,2.0
2024,13,NYJ,4.0,4.0,0.0,4.0,2.0,1.0
2024,13,PHI,4.0,3.0,1.0,5.0,2.0,2.0
2024,13,PIT,6.0,4.0,2.0,5.0,4.0,1.0
2024,13,SEA,4.0,2.0,1.0,4.0,4.0,0.0
2024,13,SF,3.0,1.0,1.0,5.0,5.0,0.0
2024,13,TB,6.0,2.0,3.0,5.0,2.0,2.0
2024,13,TEN,4.0,2.0,1.0,8.0,6.0,0.0
2024,13,WAS,8.0,6.0,0.0,4.0,2.0,1.0
2024,14,ARI,4.0,2.0,1.0,6.0,3.0,3.0
2024,14,ATL,5.0,2.0,2.0,6.0,6.0,0.0
2024,14,BUF,6.0,6.0,0.0,6.0,5.0,1.0
2024,14,CAR,3.0,2.0,1.0,3.0,3.0,0.0
2024,14,CHI,2.0,2.0,0.0,6.0,5.0,1.0
2024,14,CIN,5.0,3.0,2.0,4.0,2.0,1.0
2024,14,CLE,5.0,2.0,0.0,5.0,3.0,1.0
2024,14,DAL,4.0,2.0,1.0,5.0,3.0,2.0
2024,14,DET,5.0,4.0,1.0,5.0,4.0,1.0
2024,14,GB,5.0,4.0,1.0,5.0,4.0,1.0
2024,14,JAX,2.0,1.0,1.0,2.0,0.0,0.0
2024,14,KC,4.0,1.0,3.0,3.0,2.0,1.0
2024,14,LA,6.0,5.0,1.0,6.0,6.0,0.0
2024,14,LAC,3.0,2.0,1.0,4.0,1.0,3.0
2024,14,LV,4.0,1.0,2.0,5.0,4.0,0.0
2024,14,MIA,4.0,3.0,1.0,5.0,2.0,3.0
2024,14,MIN,6.0,6.0,0.0,5.0,2.0,2.0
2024,14,NO,2.0,2.0,0.0,3.0,1.0,1.0
2024,14,NYG,3.0,1.0,1.0,2.0,2.0,0.0
2024,14,NYJ,5.0,2.0,3.0,4.0,3.0,1.0
2024,14,PHI,3.0,3.0,0.0,3.0,2.0,1.0
2024,14,PIT,5.0,3.0,1.0,5.0,2.0,0.0
2024,14,SEA,6.0,3.0,3.0,4.0,2.0,1.0
2024,14,SF,6.0,5.0,1.0,2.0,2.0,0.0
2024,14,TB,5.0,4.0,0.0,4.0,1.0,2.0
2024,14,TEN,2.0,0.0,0.0,2.0,1.0,1.0
2024,15,ARI,4.0,3.0,1.0,3.0,2.0,0.0
2024,15,ATL,2.0,1.0,0.0,1.0,1.0,0.0
2024,15,BAL,6.0,5.0,0.0,3.0,2.0,0.0
2024,15,BUF,8.0,6.0,1.0,6.0,6.0,0.0
2024,15,CAR,3.0,2.0,0.0,5.0,3.0,1.0
2024,15,CHI,3.0,1.0,2.0,4.0,3.0,1.0
2024,15,CIN,6.0,4.0,1.0,4.0,4.0,0.0
2024,15,CLE,1.0,1.0,0.0,5.0,3.0,0.0
2024,15,DAL,5.0,3.0,1.0,3.0,2.0,0.0
2024,15,DEN,3.0,3.0,0.0,3.0,1.0,1.0
2024,15,DET,6.0,6.0,0.0,8.0,6.0,1.0
2024,15,GB,6.0,3.0,3.0,2.0,1.0,0.0
2024,15,HOU,3.0,2.0,1.0,3.0,1.0,1.0
2024,15,IND,3.0,1.0,1.0,3.0,3.0,0.0
2024,15,JAX,4.0,2.0,2.0,5.0,4.0,1.0
2024,15,KC,5.0,3.0,0.0,1.0,1.0,0.0
2024,15,LA,3.0,0.0,3.0,0.0,0.0,0.0
2024,15,LAC,3.0,2.0,1.0,7.0,4.0,3.0
2024,15,LV,1.0,1.0,0.0,2.0,1.0,0.0
2024,15,MIA,3.0,1.0,1.0,3.0,2.0,1.0
2024,15,MIN,4.0,3.0,1.0,3.0,1.0,2.0
2024,15,NE,3.0,2.0,0.0,4.0,3.0,1.0
2024,15,NO,3.0,2.0,1.0,3.0,2.0,1.0
2024,15,NYG,3.0,2.0,0.0,6.0,5.0,0.0
2024,15,NYJ,5.0,4.0,1.0,4.0,2.0,2.0
2024,15,PHI,6.0,3.0,2.0,2.0,1.0,1.0
2024,15,PIT,2.0,1.0,1.0,6.0,3.0,2.0
2024,15,SEA,2.0,1.0,0.0,6.0,3.0,3.0
2024,15,SF,0.0,0.0,0.0,3.0,0.0,3.0
2024,15,TB,7.0,4.0,3.0,3.0,2.0,1.0
2024,15,TEN,4.0,4.0,0.0,6.0,4.0,1.0
2024,15,WAS,3.0,2.0,1.0,3.0,2.0,1.0
2024,16,ARI,4.0,3.0,1.0,5.0,4.0,1.0
2024,16,ATL,4.0,2.0,1.0,2.0,1.0,0.0
2024,16,BAL,5.0,3.0,1.0,2.0,2.0,0.0
2024,16,BUF,2.0,2.0,0.0,4.0,3.0,0.0
2024,16,CAR,5.0,4.0,1.0,4.0,3.0,1.0
2024,16,CHI,4.0,2.0,1.0,7.0,4.0,2.0
2024,16,CIN,4.0,3.0,0.0,3.0,1.0,0.0
2024,16,CLE,3.0,1.0,0.0,4.0,3.0,0.0
2024,16,DAL,2.0,2.0,0.0,3.0,3.0,0.0
2024,16,DEN,3.0,3.0,0.0,5.0,4.0,1.0
2024,16,DET,7.0,4.0,2.0,4.0,2.0,1.0
2024,16,GB,4.0,4.0,0.0,0.0,0.0,0.0
2024,16,HOU,4.0,2.0,2.0,5.0,3.0,1.0
2024,16,IND,6.0,5.0,1.0,4.0,4.0,0.0
2024,16,JAX,2.0,2.0,0.0,3.0,2.0,1.0
2024,16,KC,5.0,3.0,1.0,4.0,2.0,2.0
2024,16,LA,5.0,2.0,2.0,3.0,1.0,1.0
2024,16,LAC,5.0,4.0,1.0,3.0,3.0,0.0
2024,16,LV,3.0,2.0,1.0,2.0,2.0,0.0
2024,16,MIA,4.0,2.0,2.0,5.0,2.0,1.0
2024,16,MIN,3.0,3.0,0.0,3.0,3.0,0.0
2024,16,NE,4.0,3.0,0.0,2.0,2.0,0.0
2024,16,NO,0.0,0.0,0.0,4.0,4.0,0.0
2024,16,NYG,2.0,1.0,0.0,4.0,2.0,1.0
2024,16,NYJ,3.0,1.0,1.0,5.0,2.0,2.0
2024,16,PHI,5.0,3.0,2.0,6.0,5.0,0.0
2024,16,PIT,2.0,2.0,0.0,5.0,3.0,1.0
2024,16,SEA,3.0,3.0,0.0,3.0,3.0,0.0
2024,16,SF,5.0,2.0,1.0,4.0,2.0,2.0
2024,16,TB,3.0,3.0,0.0,2.0,2.0,0.0
2024,16,TEN,4.0,4.0,0.0,6.0,5.0,1.0
2024,16,WAS,6.0,5.0,0.0,5.0,3.0,2.0
2024,17,ARI,4.0,1.0,1.0,2.0,1.0,1.0
2024,17,ATL,3.0,3.0,0.0,6.0,4.0,1.0
2024,17,BAL,4.0,4.0,0.0,2.0,0.0,0.0
2024,17,BUF,6.0,5.0,1.0,3.0,2.0,0.0
2024,17,CAR,2.0,2.0,0.0,8.0,5.0,2.0
2024,17,CHI,1.0,0.0,1.0,1.0,0.0,1.0
2024,17,CIN,7.0,4.0,1.0,4.0,3.0,1.0
2024,17,CLE,3.0,0.0,1.0,2.0,2.0,0.0
2024,17,DAL,2.0,1.0,0.0,6.0,4.0,2.0
2024,17,DEN,4.0,3.0,1.0,7.0,4.0,1.0
2024,17,DET,6.0,5.0,0.0,5.0,5.0,0.0
2024,17,GB,4.0,3.0,1.0,5.0,3.0,1.0
2024,17,HOU,2.0,0.0,0.0,4.0,4.0,0.0
2024,17,IND,6.0,4.0,2.0,7.0,6.0,1.0
2024,17,JAX,2.0,2.0,0.0,2.0,1.0,1.0
2024,17,KC,5.0,4.0,1.0,4.0,1.0,1.0
2024,17,LA,2.0,1.0,1.0,4.0,1.0,1.0
2024,17,LAC,7.0,4.0,3.0,1.0,1.0,0.0
2024,17,LV,4.0,2.0,2.0,3.0,1.0,1.0
2024,17,MIA,2.0,2.0,0.0,3.0,0.0,1.0
2024,17,MIN,5.0,3.0,1.0,4.0,3.0,1.0
2024,17,NE,1.0,1.0,0.0,7.0,4.0,3.0
2024,17,NO,3.0,1.0,1.0,4.0,2.0,2.0
2024,17,NYG,7.0,6.0,1.0,6.0,4.0,2.0
2024,17,NYJ,3.0,2.0,0.0,6.0,5.0,1.0
2024,17,PHI,6.0,4.0,2.0,2.0,1.0,0.0
2024,17,PIT,4.0,1.0,1.0,5.0,4.0,1.0
2024,17,SEA,1.0,0.0,1.0,1.0,0.0,1.0
2024,17,SF,5.0,5.0,0.0,6.0,5.0,0.0
2024,17,TB,8.0,5.0,2.0,2.0,2.0,0.0
2024,17,TEN,2.0,1.0,1.0,2.0,2.0,0.0
2024,17,WAS,6.0,4.0,1.0,3.0,3.0,0.0
2024,18,ARI,6.0,6.0,0.0,4.0,3.0,0.0
2024,18,ATL,6.0,5.0,1.0,7.0,6.0,1.0
2024,18,BAL,5.0,4.0,0.0,3.0,1.0,1.0
2024,18,BUF,2.0,2.0,0.0,4.0,2.0,2.0
2024,18,CAR,7.0,6.0,1.0,6.0,5.0,1.0
2024,18,CHI,2.0,2.0,0.0,4.0,2.0,2.0
2024,18,CIN,4.0,1.0,3.0,2.0,2.0,0.0
2024,18,CLE,3.0,1.0,1.0,5.0,4.0,0.0
2024,18,DAL,6.0,1.0,4.0,3.0,3.0,0.0
2024,18,DEN,6.0,5.0,1.0,0.0,0.0,0.0
2024,18,DET,4.0,4.0,0.0,4.0,0.0,2.0
2024,18,GB,4.0,2.0,2.0,2.0,2.0,0.0
2024,18,HOU,5.0,2.0,1.0,3.0,1.0,2.0
2024,18,IND,4.0,2.0,2.0,3.0,2.0,1.0
2024,18,JAX,3.0,2.0,1.0,4.0,2.0,2.0
2024,18,KC,0.0,0.0,0.0,6.0,5.0,1.0
2024,18,LA,5.0,2.0,2.0,4.0,4.0,0.0
2024,18,LAC,6.0,3.0,3.0,3.0,2.0,0.0
2024,18,LV,3.0,2.0,0.0,6.0,3.0,3.0
2024,18,MIA,5.0,2.0,2.0,5.0,4.0,1.0
2024,18,MIN,4.0,0.0,2.0,4.0,4.0,0.0
2024,18,NE,4.0,2.0,2.0,2.0,2.0,0.0
2024,18,NO,2.0,1.0,1.0,4.0,3.0,1.0
2024,18,NYG,2.0,1.0,1.0,4.0,2.0,2.0
2024,18,NYJ,5.0,4.0,1.0,5.0,2.0,2.0
2024,18,PHI,4.0,2.0,2.0,2.0,1.0,1.0
2024,18,PIT,2.0,2.0,0.0,4.0,1.0,3.0
2024,18,SEA,4.0,4.0,0.0,5.0,2.0,2.0
2024,18,SF,4.0,3.0,0.0,6.0,6.0,0.0
2024,18,TB,4.0,3.0,1.0,2.0,1.0,1.0
2024,18,TEN,3.0,1.0,2.0,5.0,2.0,1.0
2024,18,WAS,3.0,3.0,0.0,6.0,1.0,4.0
2024,19,BAL,5.0,4.0,0.0,2.0,2.0,0.0
2024,19,BUF,7.0,3.0,3.0,2.0,1.0,0.0
2024,19,DEN,2.0,1.0,0.0,7.0,3.0,3.0
2024,19,GB,3.0,1.0,1.0,5.0,2.0,3.0
2024,19,HOU,4.0,2.0,2.0,2.0,1.0,1.0
2024,19,LA,5.0,2.0,2.0,2.0,1.0,1.0
2024,19,LAC,2.0,1.0,1.0,4.0,2.0,2.0
2024,19,MIN,2.0,1.0,1.0,5.0,2.0,2.0
2024,19,PHI,5.0,2.0,3.0,3.0,1.0,1.0
2024,19,PIT,2.0,2.0,0.0,5.0,4.0,0.0
2024,19,TB,3.0,2.0,1.0,6.0,2.0,2.0
2024,19,WAS,6.0,2.0,2.0,3.0,2.0,1.0
2024,20,BAL,4.0,3.0,1.0,4.0,3.0,1.0
2024,20,BUF,4.0,3.0,1.0,4.0,3.0,1.0
2024,20,DET,7.0,4.0,1.0,5.0,5.0,0.0
2024,20,HOU,5.0,1.0,2.0,5.0,2.0,3.0
2024,20,KC,5.0,2.0,3.0,5.0,1.0,2.0
2024,20,LA,6.0,2.0,2.0,5.0,3.0,2.0
2024,20,PHI,5.0,3.0,2.0,6.0,2.0,2.0
2024,20,WAS,5.0,5.0,0.0,7.0,4.0,1.0
2024,21,BUF,4.0,4.0,0.0,6.0,4.0,1.0
2024,21,KC,6.0,4.0,1.0,4.0,4.0,0.0
2024,21,PHI,8.0,8.0,0.0,3.0,2.0,1.0
2024,21,WAS,3.0,2.0,1.0,8.0,8.0,0.0
2024,22,KC,3.0,3.0,0.0,4.0,3.0,1.0
2024,22,PHI,4.0,3.0,1.0,3.0,3.0,0.0
